{"stats":{"minecraft:killed":{"alexsmobs:raccoon":1},"minecraft:custom":{"minecraft:time_since_rest":3711,"minecraft:crouch_one_cm":33,"minecraft:play_time":12494,"lootr:looted_stat":1,"minecraft:sprint_one_cm":11241,"minecraft:walk_one_cm":19913,"minecraft:sneak_time":18,"minecraft:walk_under_water_one_cm":578,"minecraft:mob_kills":1,"minecraft:jump":49,"minecraft:damage_dealt":90,"minecraft:leave_game":1,"minecraft:time_since_death":12494,"minecraft:walk_on_water_one_cm":1865,"minecraft:sleep_in_bed":1,"minecraft:total_world_time":12494,"minecraft:swim_one_cm":4867,"minecraft:fall_one_cm":1490,"minecraft:fly_one_cm":5650},"minecraft:mined":{"biomesoplenty:redwood_log":39},"minecraft:picked_up":{"biomesoplenty:redwood_log":26,"biomesoplenty:redwood_sapling":17,"alexsmobs:raccoon_tail":1},"minecraft:used":{"anthropology_items__structures:hunters_machete":2}},"DataVersion":3465}