{"stats":{"minecraft:picked_up":{"duneons:dungeonscharreddirt":13,"duneons:whitespideregg":2,"minecraft:white_bed":1,"minecraft:dirt":11},"minecraft:mined":{"minecraft:grass_block":6,"minecraft:white_bed":1,"minecraft:dirt":7,"duneons:whitespideregg":3,"duneons:dungeonscharreddirt":15,"minecraft:oak_leaves":5,"duneons:creeperwoodstallgrass":4},"minecraft:custom":{"minecraft:time_since_rest":5391,"minecraft:crouch_one_cm":1,"minecraft:walk_one_cm":81917,"minecraft:sprint_one_cm":33181,"minecraft:play_time":24614,"minecraft:damage_taken":570,"minecraft:deaths":2,"minecraft:sneak_time":11,"minecraft:jump":190,"minecraft:damage_dealt":90,"minecraft:time_since_death":6158,"minecraft:climb_one_cm":2010,"minecraft:total_world_time":24614,"minecraft:interact_with_crafting_table":1,"minecraft:fall_one_cm":4249,"minecraft:fly_one_cm":18019},"minecraft:used":{"minecraft:dirt":5,"duneons:whitespideregg":2,"minecraft:white_bed":1,"duneons:dungeonscharreddirt":12},"minecraft:killed_by":{"bloodandmadness:beast_patient":1,"minecraft:cave_spider":1}},"DataVersion":3465}