{"stats":{"minecraft:killed_by":{"bloodandmadness:beast_patient":1,"minecraft:cave_spider":2},"minecraft:dropped":{"dynamictrees:oak_seed":1,"minecraft:oak_log":3},"minecraft:picked_up":{"duneons:dungeonscharreddirt":67,"minecraft:stick":21,"apotheosis:gem":1,"minecraft:lilac":2,"minecraft:torch":2,"minecraft:oak_log":14,"minecraft:white_bed":6,"minecraft:dirt":102,"duneons:whitespideregg":6,"dynamictrees:oak_seed":3},"minecraft:used":{"duneons:dungeonscharreddirt":20,"minecraft:stick":1,"minecraft:torch":1,"minecraft:dirt":102,"duneons:whitespideregg":2,"tombstone:gift":2,"minecraft:white_bed":6,"alexsmobs:animal_dictionary":1},"minecraft:mined":{"minecraft:white_bed":6,"duneons:whitespideregg":7,"duneons:bigferncreeperwoods":1,"minecraft:lilac":1,"duneons:highlandfern":1,"duneons:creeperwoodstallgrass":8,"minecraft:torch":1,"supplementaries:stick":1,"minecraft:grass_block":21,"duneons:highlandtallgrass":6,"minecraft:dirt":85,"duneons:dungeonscharreddirt":71,"minecraft:oak_leaves":5},"minecraft:custom":{"minecraft:time_since_rest":10700,"minecraft:sprint_one_cm":149516,"minecraft:damage_taken":1064,"minecraft:walk_one_cm":211732,"minecraft:drop":4,"minecraft:damage_dealt":194,"minecraft:interact_with_crafting_table":1,"minecraft:fly_one_cm":94559,"minecraft:open_chest":1,"minecraft:crouch_one_cm":1,"minecraft:play_time":88081,"minecraft:deaths":4,"minecraft:sneak_time":11,"minecraft:walk_under_water_one_cm":513,"minecraft:jump":679,"minecraft:walk_on_water_one_cm":2183,"minecraft:leave_game":3,"minecraft:time_since_death":15307,"minecraft:sleep_in_bed":6,"minecraft:climb_one_cm":2010,"minecraft:total_world_time":88081,"minecraft:fall_one_cm":16145}},"DataVersion":3465}