{"stats":{"minecraft:used":{"minecraft:spyglass":7,"minecraft:dirt":1,"minecraft:spruce_stairs":1,"tombstone:gift":2,"minecraft:egg":1},"minecraft:mined":{"biomesoplenty:clover":1,"minecraft:grass_block":3,"minecraft:spruce_planks":1,"minecraft:dirt":1},"minecraft:dropped":{"relics:blazing_flask":1},"minecraft:custom":{"minecraft:time_since_rest":260,"minecraft:play_time":42364,"lootr:looted_stat":3,"minecraft:sprint_one_cm":26721,"minecraft:damage_taken":260,"minecraft:walk_one_cm":122479,"minecraft:deaths":1,"minecraft:sneak_time":63,"minecraft:walk_under_water_one_cm":659,"minecraft:drop":1,"minecraft:jump":290,"minecraft:damage_dealt":32,"minecraft:leave_game":2,"minecraft:time_since_death":16700,"minecraft:walk_on_water_one_cm":1506,"minecraft:sleep_in_bed":2,"minecraft:climb_one_cm":426,"minecraft:total_world_time":42364,"minecraft:swim_one_cm":11756,"minecraft:fall_one_cm":9496,"minecraft:fly_one_cm":26528,"minecraft:open_barrel":4},"minecraft:picked_up":{"minecraft:book":21,"minecraft:item_frame":3,"apotheosis:gem":4,"minecraft:crafting_table":1,"minecraft:flower_pot":2,"minecraft:stone_bricks":34,"minecraft:spruce_stairs":1,"minecraft:stone_brick_wall":3,"minecraft:spruce_planks":15,"minecraft:spruce_slab":7,"minecraft:cobblestone_wall":9,"minecraft:lily_of_the_valley":1,"relics:blazing_flask":1,"minecraft:spruce_trapdoor":4,"minecraft:dirt":4,"minecraft:egg":1}},"DataVersion":3465}