{"stats":{"minecraft:killed_by":{"bloodandmadness:beast_patient":1,"minecraft:cave_spider":2},"minecraft:dropped":{"dynamictrees:oak_seed":1,"minecraft:oak_log":3},"minecraft:picked_up":{"duneons:dungeonscharreddirt":66,"minecraft:stick":21,"apotheosis:gem":1,"minecraft:lilac":2,"minecraft:torch":2,"minecraft:oak_log":14,"minecraft:white_bed":5,"minecraft:dirt":101,"duneons:whitespideregg":6,"dynamictrees:oak_seed":3},"minecraft:used":{"duneons:dungeonscharreddirt":13,"minecraft:stick":1,"minecraft:torch":1,"minecraft:dirt":94,"duneons:whitespideregg":2,"tombstone:gift":2,"minecraft:white_bed":5,"alexsmobs:animal_dictionary":1},"minecraft:mined":{"minecraft:white_bed":5,"duneons:whitespideregg":7,"duneons:bigferncreeperwoods":1,"minecraft:lilac":1,"duneons:highlandfern":1,"duneons:creeperwoodstallgrass":8,"minecraft:torch":1,"supplementaries:stick":1,"minecraft:grass_block":21,"duneons:highlandtallgrass":6,"minecraft:dirt":84,"duneons:dungeonscharreddirt":70,"minecraft:oak_leaves":5},"minecraft:custom":{"minecraft:time_since_rest":3207,"minecraft:sprint_one_cm":129857,"minecraft:damage_taken":1064,"minecraft:walk_one_cm":203910,"minecraft:drop":4,"minecraft:damage_dealt":194,"minecraft:interact_with_crafting_table":1,"minecraft:fly_one_cm":83214,"minecraft:crouch_one_cm":1,"minecraft:play_time":76081,"minecraft:deaths":4,"minecraft:sneak_time":11,"minecraft:walk_under_water_one_cm":123,"minecraft:jump":609,"minecraft:walk_on_water_one_cm":1655,"minecraft:leave_game":3,"minecraft:time_since_death":3307,"minecraft:sleep_in_bed":5,"minecraft:climb_one_cm":2010,"minecraft:total_world_time":76081,"minecraft:fall_one_cm":13630}},"DataVersion":3465}