{"stats":{"minecraft:killed_by":{"bloodandmadness:beast_patient":1,"minecraft:cave_spider":2},"minecraft:dropped":{"dynamictrees:oak_seed":1,"minecraft:oak_log":3},"minecraft:picked_up":{"duneons:dungeonscharreddirt":66,"minecraft:stick":20,"apotheosis:gem":1,"minecraft:torch":2,"minecraft:oak_log":14,"minecraft:white_bed":3,"minecraft:dirt":100,"duneons:whitespideregg":6,"dynamictrees:oak_seed":3},"minecraft:used":{"duneons:dungeonscharreddirt":13,"minecraft:torch":1,"minecraft:dirt":14,"duneons:whitespideregg":2,"minecraft:white_bed":4,"alexsmobs:animal_dictionary":1},"minecraft:mined":{"minecraft:white_bed":3,"duneons:whitespideregg":7,"duneons:bigferncreeperwoods":1,"duneons:highlandfern":1,"duneons:creeperwoodstallgrass":8,"minecraft:torch":1,"minecraft:grass_block":21,"duneons:highlandtallgrass":6,"minecraft:dirt":83,"duneons:dungeonscharreddirt":70,"minecraft:oak_leaves":5},"minecraft:custom":{"minecraft:time_since_rest":20,"minecraft:sprint_one_cm":95865,"minecraft:damage_taken":1004,"minecraft:walk_one_cm":179442,"minecraft:drop":4,"minecraft:damage_dealt":184,"minecraft:interact_with_crafting_table":1,"minecraft:fly_one_cm":63172,"minecraft:crouch_one_cm":1,"minecraft:play_time":64081,"minecraft:deaths":3,"minecraft:sneak_time":11,"minecraft:walk_under_water_one_cm":123,"minecraft:jump":480,"minecraft:walk_on_water_one_cm":637,"minecraft:leave_game":3,"minecraft:time_since_death":26695,"minecraft:sleep_in_bed":5,"minecraft:climb_one_cm":2010,"minecraft:total_world_time":64081,"minecraft:fall_one_cm":9927}},"DataVersion":3465}