{"stats":{"minecraft:picked_up":{"minecraft:white_bed":1},"minecraft:mined":{"minecraft:white_bed":1,"minecraft:oak_leaves":4},"minecraft:custom":{"minecraft:jump":94,"minecraft:time_since_rest":12614,"minecraft:damage_dealt":10,"minecraft:crouch_one_cm":1,"minecraft:play_time":12614,"minecraft:sprint_one_cm":28413,"minecraft:damage_taken":140,"minecraft:time_since_death":12614,"minecraft:walk_one_cm":55807,"minecraft:total_world_time":12614,"minecraft:sneak_time":11,"minecraft:climb_one_cm":2010,"minecraft:interact_with_crafting_table":1,"minecraft:fall_one_cm":1240,"minecraft:fly_one_cm":12705},"minecraft:used":{"minecraft:white_bed":1}},"DataVersion":3465}