{"stats":{"minecraft:killed_by":{"bloodandmadness:beast_patient":1,"minecraft:cave_spider":2},"minecraft:dropped":{"dynamictrees:oak_seed":1,"minecraft:oak_log":3},"minecraft:picked_up":{"duneons:dungeonscharreddirt":66,"minecraft:stick":20,"duneons:whitespideregg":6,"minecraft:torch":2,"minecraft:oak_log":14,"dynamictrees:oak_seed":3,"minecraft:white_bed":3,"minecraft:dirt":100},"minecraft:used":{"minecraft:torch":1,"minecraft:dirt":14,"duneons:whitespideregg":2,"minecraft:white_bed":3,"alexsmobs:animal_dictionary":1,"duneons:dungeonscharreddirt":13},"minecraft:mined":{"minecraft:grass_block":21,"minecraft:white_bed":3,"minecraft:dirt":83,"duneons:whitespideregg":7,"duneons:bigferncreeperwoods":1,"duneons:dungeonscharreddirt":70,"minecraft:oak_leaves":5,"duneons:creeperwoodstallgrass":8,"minecraft:torch":1},"minecraft:custom":{"minecraft:time_since_rest":6652,"minecraft:damage_taken":800,"minecraft:crouch_one_cm":1,"minecraft:play_time":59526,"minecraft:sprint_one_cm":70239,"minecraft:walk_one_cm":162356,"minecraft:deaths":3,"minecraft:sneak_time":11,"minecraft:walk_under_water_one_cm":123,"minecraft:drop":4,"minecraft:jump":386,"minecraft:damage_dealt":134,"minecraft:leave_game":3,"minecraft:time_since_death":22140,"minecraft:walk_on_water_one_cm":637,"minecraft:sleep_in_bed":4,"minecraft:total_world_time":59526,"minecraft:climb_one_cm":2010,"minecraft:interact_with_crafting_table":1,"minecraft:fly_one_cm":41244,"minecraft:fall_one_cm":8586}},"DataVersion":3465}