{"stats":{"minecraft:mined":{"biomesoplenty:clover":1,"minecraft:grass_block":1},"minecraft:custom":{"minecraft:jump":168,"minecraft:time_since_rest":18643,"minecraft:damage_dealt":32,"minecraft:walk_on_water_one_cm":397,"minecraft:leave_game":1,"minecraft:play_time":18643,"minecraft:sprint_one_cm":23427,"minecraft:damage_taken":60,"minecraft:time_since_death":18643,"minecraft:walk_one_cm":32032,"minecraft:total_world_time":18643,"minecraft:walk_under_water_one_cm":659,"minecraft:swim_one_cm":11756,"minecraft:fall_one_cm":6984,"minecraft:fly_one_cm":24420},"minecraft:picked_up":{"minecraft:dirt":1,"minecraft:egg":1}},"DataVersion":3465}