{"stats":{"minecraft:mined":{"minecraft:white_bed":1},"minecraft:picked_up":{"minecraft:white_bed":1},"minecraft:custom":{"minecraft:jump":50,"minecraft:time_since_rest":5050,"minecraft:crouch_one_cm":1,"minecraft:sprint_one_cm":14202,"minecraft:play_time":5050,"minecraft:damage_taken":20,"minecraft:time_since_death":5050,"minecraft:walk_one_cm":40114,"minecraft:sneak_time":11,"minecraft:climb_one_cm":1848,"minecraft:total_world_time":5050,"minecraft:fall_one_cm":822,"minecraft:fly_one_cm":6448}},"DataVersion":3465}