{"stats":{"minecraft:picked_up":{"minecraft:stick":20,"duneons:dungeonscharreddirt":66,"duneons:whitespideregg":6,"minecraft:torch":1,"minecraft:oak_log":14,"dynamictrees:oak_seed":3,"minecraft:white_bed":3,"minecraft:dirt":100},"minecraft:dropped":{"dynamictrees:oak_seed":1,"minecraft:oak_log":3},"minecraft:mined":{"minecraft:grass_block":21,"minecraft:white_bed":3,"minecraft:dirt":83,"duneons:whitespideregg":7,"duneons:bigferncreeperwoods":1,"duneons:dungeonscharreddirt":70,"minecraft:oak_leaves":5,"duneons:creeperwoodstallgrass":8,"minecraft:torch":1},"minecraft:custom":{"minecraft:time_since_rest":1358,"minecraft:crouch_one_cm":1,"minecraft:walk_one_cm":161707,"minecraft:sprint_one_cm":69986,"minecraft:play_time":52552,"minecraft:damage_taken":800,"minecraft:deaths":3,"minecraft:sneak_time":11,"minecraft:walk_under_water_one_cm":123,"minecraft:drop":4,"minecraft:jump":382,"minecraft:damage_dealt":134,"minecraft:leave_game":1,"minecraft:walk_on_water_one_cm":637,"minecraft:time_since_death":15166,"minecraft:sleep_in_bed":3,"minecraft:climb_one_cm":2010,"minecraft:total_world_time":52552,"minecraft:interact_with_crafting_table":1,"minecraft:fall_one_cm":8586,"minecraft:fly_one_cm":41244},"minecraft:used":{"minecraft:torch":1,"minecraft:dirt":14,"duneons:whitespideregg":2,"alexsmobs:animal_dictionary":1,"minecraft:white_bed":3,"duneons:dungeonscharreddirt":13},"minecraft:killed_by":{"bloodandmadness:beast_patient":1,"minecraft:cave_spider":2}},"DataVersion":3465}