{"stats":{"minecraft:picked_up":{"duneons:dungeonscharreddirt":55,"duneons:whitespideregg":2,"minecraft:torch":1,"minecraft:white_bed":2,"minecraft:dirt":83},"minecraft:mined":{"minecraft:grass_block":18,"minecraft:white_bed":2,"minecraft:dirt":68,"duneons:whitespideregg":3,"duneons:bigferncreeperwoods":1,"duneons:dungeonscharreddirt":59,"minecraft:oak_leaves":5,"duneons:creeperwoodstallgrass":4,"minecraft:torch":1},"minecraft:custom":{"minecraft:time_since_rest":10780,"minecraft:crouch_one_cm":1,"minecraft:walk_one_cm":113144,"minecraft:sprint_one_cm":60525,"minecraft:play_time":36614,"minecraft:damage_taken":590,"minecraft:deaths":2,"minecraft:sneak_time":11,"minecraft:walk_under_water_one_cm":123,"minecraft:jump":312,"minecraft:damage_dealt":90,"minecraft:walk_on_water_one_cm":248,"minecraft:time_since_death":18158,"minecraft:sleep_in_bed":1,"minecraft:climb_one_cm":2010,"minecraft:total_world_time":36614,"minecraft:interact_with_crafting_table":1,"minecraft:fall_one_cm":8251,"minecraft:fly_one_cm":37838},"minecraft:used":{"minecraft:dirt":13,"duneons:whitespideregg":2,"minecraft:white_bed":1,"duneons:dungeonscharreddirt":13},"minecraft:killed_by":{"bloodandmadness:beast_patient":1,"minecraft:cave_spider":1}},"DataVersion":3465}