{"stats":{"minecraft:mined":{"minecraft:white_bed":1,"minecraft:oak_leaves":4},"minecraft:picked_up":{"minecraft:white_bed":1},"minecraft:custom":{"minecraft:jump":84,"minecraft:time_since_rest":9255,"minecraft:damage_dealt":10,"minecraft:crouch_one_cm":1,"minecraft:sprint_one_cm":26904,"minecraft:play_time":9255,"minecraft:damage_taken":140,"minecraft:time_since_death":9255,"minecraft:walk_one_cm":51701,"minecraft:sneak_time":11,"minecraft:climb_one_cm":2010,"minecraft:total_world_time":9255,"minecraft:interact_with_crafting_table":1,"minecraft:fall_one_cm":822,"minecraft:fly_one_cm":11562},"minecraft:used":{"minecraft:white_bed":1}},"DataVersion":3465}