{"stats":{"minecraft:used":{"minecraft:spyglass":10,"minecraft:dirt":2,"minecraft:spruce_stairs":1,"tombstone:gift":2,"minecraft:egg":1},"minecraft:mined":{"minecraft:spruce_stairs":1,"minecraft:spruce_planks":1,"minecraft:grass":2,"biomesoplenty:clover":1,"minecraft:grass_block":3,"minecraft:dirt":3,"quark:blossom_log":86,"biomesoplenty:willow_log":8},"minecraft:dropped":{"relics:blazing_flask":1},"minecraft:custom":{"minecraft:time_since_rest":14151,"lootr:looted_stat":3,"minecraft:sprint_one_cm":48546,"minecraft:damage_taken":290,"minecraft:walk_one_cm":163206,"minecraft:drop":1,"minecraft:damage_dealt":32,"minecraft:swim_one_cm":11756,"minecraft:fly_one_cm":50787,"minecraft:open_barrel":4,"minecraft:play_time":56255,"minecraft:deaths":1,"minecraft:sneak_time":63,"minecraft:walk_under_water_one_cm":659,"minecraft:jump":440,"minecraft:leave_game":4,"minecraft:walk_on_water_one_cm":4815,"minecraft:time_since_death":30591,"minecraft:sleep_in_bed":2,"minecraft:climb_one_cm":426,"minecraft:total_world_time":56255,"minecraft:fall_one_cm":14773},"minecraft:picked_up":{"minecraft:book":21,"minecraft:crafting_table":1,"apotheosis:gem":4,"minecraft:flower_pot":2,"minecraft:spruce_stairs":2,"minecraft:stone_brick_wall":3,"quark:blossom_log":86,"minecraft:stone_brick_stairs":5,"minecraft:cobblestone_wall":13,"minecraft:lily_of_the_valley":1,"quark:lavender_blossom_sapling":6,"minecraft:dirt":6,"minecraft:item_frame":3,"biomesoplenty:willow_log":6,"minecraft:stone_bricks":34,"biomesoplenty:willow_sapling":8,"minecraft:spruce_planks":15,"minecraft:spruce_slab":7,"relics:blazing_flask":1,"minecraft:spruce_trapdoor":11,"minecraft:iron_bars":3,"minecraft:egg":1}},"DataVersion":3465}