{"stats":{"minecraft:killed_by":{"bloodandmadness:beast_patient":1,"minecraft:cave_spider":2},"minecraft:dropped":{"dynamictrees:oak_seed":1,"minecraft:oak_log":3,"minecraft:carrot":1},"minecraft:picked_up":{"duneons:dungeonscharreddirt":67,"minecraft:charcoal":2,"minecraft:stick":21,"apotheosis:gem":1,"minecraft:lilac":2,"minecraft:torch":2,"minecraft:oak_log":14,"minecraft:white_bed":8,"minecraft:carrot":1,"minecraft:dirt":102,"duneons:whitespideregg":6,"dynamictrees:oak_seed":3},"minecraft:used":{"duneons:dungeonscharreddirt":21,"minecraft:stick":1,"minecraft:torch":1,"minecraft:dirt":102,"duneons:whitespideregg":2,"minecraft:carrot":8,"minecraft:white_bed":8,"tombstone:gift":2,"alexsmobs:animal_dictionary":1},"minecraft:mined":{"minecraft:white_bed":8,"duneons:whitespideregg":7,"duneons:bigferncreeperwoods":1,"minecraft:lilac":1,"duneons:highlandfern":1,"duneons:creeperwoodstallgrass":8,"minecraft:torch":1,"minecraft:grass_block":21,"supplementaries:stick":1,"duneons:doubleplanthighlandfern":1,"duneons:highlandtallgrass":10,"minecraft:dirt":85,"duneons:highlandgrass":7,"minecraft:campfire":1,"duneons:dungeonscharreddirt":71,"minecraft:oxeye_daisy":1,"minecraft:oak_leaves":5},"minecraft:custom":{"minecraft:time_since_rest":30136,"lootr:looted_stat":2,"minecraft:sprint_one_cm":185708,"minecraft:damage_taken":1154,"minecraft:walk_one_cm":264995,"minecraft:drop":5,"minecraft:damage_dealt":194,"minecraft:swim_one_cm":21150,"minecraft:interact_with_crafting_table":1,"minecraft:fly_one_cm":101846,"minecraft:open_chest":2,"minecraft:crouch_one_cm":2,"minecraft:play_time":135257,"minecraft:deaths":4,"minecraft:sneak_time":67,"minecraft:walk_under_water_one_cm":2569,"minecraft:jump":785,"minecraft:leave_game":14,"minecraft:time_since_death":62483,"minecraft:walk_on_water_one_cm":5760,"minecraft:sleep_in_bed":7,"minecraft:total_world_time":135257,"minecraft:climb_one_cm":2010,"minecraft:fall_one_cm":18028}},"DataVersion":3465}