{"stats":{"minecraft:killed":{"minecraft:sheep":1},"minecraft:used":{"minecraft:dirt":2},"minecraft:custom":{"minecraft:time_since_rest":12043,"minecraft:play_time":12043,"minecraft:sprint_one_cm":24986,"minecraft:damage_taken":40,"minecraft:walk_one_cm":18820,"minecraft:walk_under_water_one_cm":416,"minecraft:mob_kills":1,"minecraft:drop":1,"minecraft:jump":163,"minecraft:damage_dealt":90,"minecraft:time_since_death":12043,"minecraft:walk_on_water_one_cm":250,"minecraft:total_world_time":12043,"minecraft:swim_one_cm":1525,"minecraft:fly_one_cm":38868,"minecraft:fall_one_cm":5398},"minecraft:dropped":{"alexsmobs:animal_dictionary":1},"minecraft:picked_up":{"minecraft:mutton":2,"minecraft:white_wool":1,"alexsmobs:animal_dictionary":1,"minecraft:dirt":3},"minecraft:mined":{"minecraft:grass_block":1,"minecraft:dirt":2,"biomesoplenty:barley":1,"duneons:creeperwoodstallgrass":1}},"DataVersion":3465}