{"stats":{"minecraft:killed":{"minecraft:chicken":1},"minecraft:custom":{"minecraft:time_since_rest":13974,"minecraft:blood":0,"minecraft:magic_shield":0,"minecraft:damage_taken":90,"minecraft:sprint_one_cm":37600,"minecraft:walk_one_cm":37689,"minecraft:mob_kills":1,"minecraft:drop":2,"minecraft:dexterity":0,"minecraft:intelligence":0,"minecraft:damage_dealt":99,"minecraft:health":70,"minecraft:move_speed":0,"minecraft:swim_one_cm":5114,"minecraft:talked_to_villager":1,"minecraft:fly_one_cm":54976,"minecraft:play_time":13974,"minecraft:sneak_time":40,"minecraft:walk_under_water_one_cm":4724,"minecraft:jump":255,"minecraft:energy":50,"minecraft:leave_game":1,"minecraft:walk_on_water_one_cm":2484,"minecraft:time_since_death":13974,"minecraft:strength":0,"minecraft:total_world_time":13974,"minecraft:fall_one_cm":9552,"minecraft:mana":50},"minecraft:dropped":{"minecraft:oak_log":2},"minecraft:mined":{"biomesoplenty:jacaranda_log":1,"minecraft:powder_snow":4,"minecraft:peony":15,"minecraft:grass":13,"minecraft:decorated_pot":1,"minecraft:dirt":1,"minecraft:oak_leaves":1},"minecraft:used":{"minecraft:moss_carpet":2},"minecraft:picked_up":{"minecraft:chicken":1,"minecraft:oak_log":5,"mmorpg:weapon/staff/wood":7,"minecraft:dirt":1,"minecraft:moss_carpet":2,"biomesoplenty:jacaranda_log":1,"minecraft:decorated_pot":1,"minecraft:bow":1,"minecraft:peony":14,"minecraft:wheat_seeds":2,"minecraft:iron_sword":3}},"DataVersion":3465}