{"stats":{"minecraft:killed":{"minecraft:chicken":1},"minecraft:custom":{"minecraft:time_since_rest":4827,"minecraft:blood":0,"minecraft:magic_shield":0,"minecraft:play_time":4827,"minecraft:sprint_one_cm":18871,"minecraft:walk_one_cm":11232,"minecraft:sneak_time":18,"minecraft:mob_kills":1,"minecraft:dexterity":0,"minecraft:jump":122,"minecraft:intelligence":0,"minecraft:energy":50,"minecraft:damage_dealt":99,"minecraft:time_since_death":4827,"minecraft:health":70,"minecraft:move_speed":0,"minecraft:walk_on_water_one_cm":669,"minecraft:strength":0,"minecraft:total_world_time":4827,"minecraft:mana":50,"minecraft:fall_one_cm":2949,"minecraft:fly_one_cm":23322},"minecraft:mined":{"minecraft:dirt":1,"minecraft:powder_snow":4},"minecraft:used":{"minecraft:moss_carpet":2},"minecraft:picked_up":{"minecraft:chicken":1,"minecraft:oak_log":3,"minecraft:dirt":1,"minecraft:moss_carpet":2}},"DataVersion":3465}