{"stats":{"minecraft:broken":{"minecraft:golden_shovel":2},"minecraft:used":{"minecraft:trident":6,"minecraft:dirt":2,"minecraft:golden_shovel":76,"minecraft:snowball":127},"minecraft:mined":{"minecraft:grass":1,"minecraft:grass_block":3,"minecraft:dirt":4,"minecraft:packed_ice":13,"minecraft:snow_block":41,"minecraft:ice":7,"minecraft:powder_snow":90},"minecraft:dropped":{"minecraft:gold_block":1,"minecraft:golden_shovel":1},"minecraft:killed_by":{"minecraft:zombie":1},"minecraft:custom":{"minecraft:time_since_rest":18455,"minecraft:crouch_one_cm":48,"minecraft:interact_with_furnace":1,"minecraft:play_time":31664,"lootr:looted_stat":1,"minecraft:sprint_one_cm":90459,"minecraft:walk_one_cm":146207,"minecraft:damage_taken":560,"minecraft:deaths":1,"minecraft:sneak_time":193,"minecraft:walk_under_water_one_cm":3633,"minecraft:drop":2,"minecraft:damage_dealt_resisted":0,"minecraft:jump":1125,"minecraft:damage_dealt":29,"minecraft:time_since_death":19344,"minecraft:walk_on_water_one_cm":3516,"minecraft:total_world_time":31664,"minecraft:swim_one_cm":1835,"minecraft:fall_one_cm":5351,"minecraft:fly_one_cm":45633},"minecraft:picked_up":{"minecraft:wheat_seeds":4,"minecraft:gold_block":1,"minecraft:golden_shovel":1,"minecraft:snowball":160,"minecraft:dirt":7}},"DataVersion":3465}