{"stats":{"minecraft:custom":{"minecraft:jump":112,"minecraft:time_since_rest":4690,"minecraft:walk_on_water_one_cm":250,"minecraft:sprint_one_cm":18368,"minecraft:play_time":4690,"minecraft:damage_taken":40,"minecraft:time_since_death":4690,"minecraft:walk_one_cm":14239,"minecraft:total_world_time":4690,"minecraft:walk_under_water_one_cm":416,"minecraft:swim_one_cm":1525,"minecraft:fall_one_cm":4771,"minecraft:drop":1,"minecraft:fly_one_cm":24746},"minecraft:dropped":{"alexsmobs:animal_dictionary":1},"minecraft:picked_up":{"minecraft:dirt":1,"alexsmobs:animal_dictionary":1},"minecraft:mined":{"biomesoplenty:barley":1,"minecraft:grass_block":1,"duneons:creeperwoodstallgrass":1}},"DataVersion":3465}