{"stats":{"minecraft:broken":{"minecraft:golden_shovel":1},"minecraft:used":{"minecraft:trident":5,"minecraft:golden_shovel":41,"minecraft:snowball":26},"minecraft:mined":{"minecraft:snow_block":41},"minecraft:dropped":{"minecraft:gold_block":1,"minecraft:golden_shovel":1},"minecraft:killed_by":{"minecraft:zombie":1},"minecraft:custom":{"minecraft:time_since_rest":8776,"minecraft:play_time":21985,"lootr:looted_stat":1,"minecraft:sprint_one_cm":90459,"minecraft:walk_one_cm":88938,"minecraft:damage_taken":380,"minecraft:deaths":1,"minecraft:sneak_time":108,"minecraft:walk_under_water_one_cm":1786,"minecraft:drop":2,"minecraft:damage_dealt_resisted":0,"minecraft:jump":288,"minecraft:damage_dealt":29,"minecraft:time_since_death":9665,"minecraft:walk_on_water_one_cm":936,"minecraft:total_world_time":21985,"minecraft:swim_one_cm":1835,"minecraft:fall_one_cm":4678,"minecraft:fly_one_cm":41203},"minecraft:picked_up":{"minecraft:gold_block":1,"minecraft:golden_shovel":1,"minecraft:snowball":160}},"DataVersion":3465}