{"stats":{"minecraft:dropped":{"minecraft:golden_shovel":1,"minecraft:gold_block":1},"minecraft:custom":{"minecraft:jump":92,"minecraft:time_since_rest":9985,"lootr:looted_stat":1,"minecraft:sprint_one_cm":21605,"minecraft:play_time":9985,"minecraft:damage_taken":20,"minecraft:time_since_death":9985,"minecraft:walk_one_cm":27966,"minecraft:sneak_time":96,"minecraft:total_world_time":9985,"minecraft:drop":2,"minecraft:fall_one_cm":1312,"minecraft:fly_one_cm":12015},"minecraft:picked_up":{"minecraft:golden_shovel":1,"minecraft:gold_block":1}},"DataVersion":3465}