{"stats":{"minecraft:used":{"minecraft:sand":1,"minecraft:dandelion":3},"minecraft:mined":{"minecraft:poppy":1,"minecraft:dandelion":3,"minecraft:sand":2},"minecraft:custom":{"minecraft:jump":15,"minecraft:time_since_rest":3606,"minecraft:leave_game":1,"minecraft:sprint_one_cm":3863,"minecraft:play_time":3606,"minecraft:time_since_death":3606,"minecraft:walk_one_cm":2441,"minecraft:total_world_time":3606,"minecraft:fall_one_cm":627,"minecraft:fly_one_cm":3142},"minecraft:picked_up":{"minecraft:sand":2,"minecraft:dandelion":3}},"DataVersion":3465}