{"stats":{"minecraft:killed_by":{"minecraft:player":1,"iceandfire:ice_dragon":2,"alexsmobs:tasmanian_devil":1,"minecraft:skeleton":2,"artifacts:mimic":1,"minecraft:zombie":4,"alexsmobs:grizzly_bear":2,"alexsmobs:bison":1},"minecraft:dropped":{"minecraft:stone_sword":1,"treasure2:gold_coin":1,"minecraft:leather":4,"patchouli:guide_book":1,"tombstone:grave_key":5,"tombstone:grave_dust":1,"minecraft:spruce_slab":7},"minecraft:picked_up":{"minecraft:crafting_table":1,"minecraft:flower_pot":3,"minecraft:golden_leggings":1,"minecraft:leather":5,"minecraft:stone_brick_wall":3,"minecraft:oak_log":26,"minecraft:stone_brick_stairs":2,"minecraft:chainmail_chestplate":1,"tombstone:grave_key":1,"minecraft:gunpowder":2,"minecraft:cobblestone_wall":21,"minecraft:white_banner":1,"minecraft:string":1,"minecraft:map":4,"minecraft:cornflower":1,"minecraft:red_bed":8,"minecraft:dirt":18,"minecraft:paper":2,"minecraft:iron_axe":1,"goblins:goblin_meat":1,"minecraft:compass":1,"minecraft:item_frame":5,"minecraft:pufferfish":1,"bloodandmadness:blood_vial":1,"minecraft:stone_bricks":33,"aquaculture:bluegill":1,"minecraft:wheat_seeds":3,"minecraft:spruce_planks":8,"minecraft:beef":1,"minecraft:stone_pickaxe":1,"minecraft:spruce_slab":14,"minecraft:spruce_trapdoor":5,"bloodandmadness:weapons/lit_torch":1,"minecraft:book":15,"minecraft:stick":49,"aquaculture:smallmouth_bass":1,"apotheosis:gem":6,"patchouli:guide_book":1,"minecraft:copper_ingot":2,"minecraft:torch":9,"aquaculture:perch":1,"minecraft:spruce_stairs":1,"duneons:highlandfern":24,"minecraft:lily_of_the_valley":2,"minecraft:dark_oak_log":1,"minecraft:trapped_chest":1,"minecraft:leather_helmet":1,"goblins_tyranny:mushroom_pad":1,"minecraft:stone_sword":2,"minecraft:rotten_flesh":5,"aquaculture:brown_trout":1,"minecraft:iron_helmet":1,"treasure2:gold_coin":2,"bloodandmadness:sanguisteel_nugget":1,"minecraft:iron_bars":1},"minecraft:killed":{"goblins:goblin_zombie":1,"duneons:keygolem":1,"aquaculture:bluegill":1,"alexsmobs:raccoon":1,"minecraft:spider":1,"aquaculture:gar":1,"alexsmobs:shoebill":1,"aquaculture:smallmouth_bass":2,"alexsmobs:tasmanian_devil":2,"iceandfire:stymphalian_bird":1,"minecraft:pufferfish":1,"goblins_tyranny:merchant":1,"minecraft:pillager":4,"minecraft:zombie":2,"aquaculture:perch":2,"aquaculture:brown_trout":1,"minecraft:cow":1},"minecraft:crafted":{"minecraft:golden_axe":3,"minecraft:golden_chestplate":1,"minecraft:crafting_table":1,"minecraft:golden_pickaxe":3,"minecraft:stick":4,"minecraft:iron_pickaxe":2},"minecraft:used":{"minecraft:water_bucket":13,"minecraft:stone_sword":18,"quark:crab_leg":6,"minecraft:salmon":10,"minecraft:torch":1,"anthropology_items__structures:hunters_machete":67,"minecraft:red_bed":8,"minecraft:spruce_stairs":1,"minecraft:crossbow":1,"minecraft:cod":3,"minecraft:apple":5,"bloodandmadness:weapons/lit_torch":10,"minecraft:iron_axe":7,"minecraft:bread":6,"minecraft:spruce_trapdoor":1,"minecraft:stone_bricks":17,"minecraft:pufferfish":1,"minecraft:beef":1,"minecraft:pufferfish_bucket":1,"aquaculture:smallmouth_bass":1,"minecraft:bucket":14,"tombstone:gift":2,"duneons:highlandfern":6,"minecraft:trapped_chest":1},"minecraft:mined":{"minecraft:red_bed":8,"duneons:bigferncreeperwoods":1,"goblins_tyranny:mushroom_pad":1,"minecraft:spruce_trapdoor":1,"biomesoplenty:bush":4,"duneons:highlandtallgrass":111,"biomesoplenty:high_grass_plant":13,"minecraft:tall_grass":2,"duneons:highbigtallgrass":1,"minecraft:lilac":1,"treechop:chopped_log":1,"duneons:highlandfern":33,"minecraft:grass":19,"biomesoplenty:high_grass":11,"minecraft:dirt":2,"minecraft:fern":3},"minecraft:custom":{"lootr:looted_stat":12,"minecraft:mob_kills":25,"tombstone:raider_killed":4,"minecraft:interact_with_crafting_table":3,"minecraft:open_barrel":10,"minecraft:damage_dealt_resisted":0,"minecraft:leave_game":2,"minecraft:time_since_death":0,"minecraft:sleep_in_bed":6,"minecraft:climb_one_cm":500,"minecraft:damage_resisted":0,"minecraft:time_since_rest":2249,"minecraft:sprint_one_cm":408149,"minecraft:damage_taken":5365,"minecraft:walk_one_cm":392782,"minecraft:trigger_trapped_chest":3,"minecraft:drop":11,"minecraft:damage_dealt":3580,"minecraft:swim_one_cm":130718,"minecraft:fly_one_cm":246110,"minecraft:open_chest":29,"minecraft:crouch_one_cm":376,"minecraft:play_time":115746,"tombstone:undead_killed":3,"minecraft:deaths":16,"minecraft:sneak_time":1701,"minecraft:walk_under_water_one_cm":39038,"minecraft:jump":1757,"minecraft:walk_on_water_one_cm":46705,"minecraft:total_world_time":115746,"minecraft:fall_one_cm":31413}},"DataVersion":3465}