{"stats":{"minecraft:killed_by":{"iceandfire:ice_dragon":2,"minecraft:skeleton":2,"artifacts:mimic":1,"minecraft:zombie":2,"alexsmobs:bison":1},"minecraft:dropped":{"minecraft:leather":4,"patchouli:guide_book":1,"tombstone:grave_key":5,"minecraft:spruce_slab":7},"minecraft:picked_up":{"minecraft:crafting_table":1,"minecraft:flower_pot":3,"minecraft:leather":5,"minecraft:stone_brick_wall":3,"minecraft:stone_brick_stairs":2,"tombstone:grave_key":1,"minecraft:cobblestone_wall":21,"minecraft:map":4,"minecraft:cornflower":1,"minecraft:red_bed":8,"minecraft:dirt":2,"minecraft:paper":2,"goblins:goblin_meat":1,"minecraft:compass":1,"minecraft:item_frame":5,"bloodandmadness:blood_vial":1,"minecraft:stone_bricks":33,"minecraft:wheat_seeds":2,"minecraft:spruce_planks":8,"minecraft:beef":1,"minecraft:stone_pickaxe":1,"minecraft:spruce_slab":14,"minecraft:spruce_trapdoor":5,"minecraft:book":15,"minecraft:stick":4,"aquaculture:smallmouth_bass":1,"apotheosis:gem":4,"patchouli:guide_book":1,"minecraft:torch":9,"minecraft:spruce_stairs":1,"duneons:highlandfern":24,"minecraft:lily_of_the_valley":2,"minecraft:trapped_chest":1,"minecraft:leather_helmet":1,"minecraft:stone_sword":1,"treasure2:gold_coin":1,"bloodandmadness:sanguisteel_nugget":1,"minecraft:iron_bars":1},"minecraft:killed":{"goblins:goblin_zombie":1,"duneons:keygolem":1,"aquaculture:gar":1,"alexsmobs:shoebill":1,"aquaculture:smallmouth_bass":1,"alexsmobs:tasmanian_devil":1,"minecraft:cow":1},"minecraft:crafted":{"minecraft:crafting_table":1,"minecraft:stick":4},"minecraft:used":{"minecraft:stone_sword":15,"quark:crab_leg":6,"minecraft:salmon":10,"minecraft:torch":1,"anthropology_items__structures:hunters_machete":5,"minecraft:red_bed":8,"minecraft:spruce_stairs":1,"minecraft:crossbow":1,"minecraft:spruce_trapdoor":1,"minecraft:stone_bricks":17,"minecraft:beef":1,"aquaculture:smallmouth_bass":1,"duneons:highlandfern":6,"minecraft:trapped_chest":1},"minecraft:mined":{"minecraft:red_bed":8,"duneons:bigferncreeperwoods":1,"minecraft:spruce_trapdoor":1,"biomesoplenty:bush":4,"duneons:highlandtallgrass":104,"biomesoplenty:high_grass_plant":13,"minecraft:tall_grass":1,"minecraft:lilac":1,"duneons:highlandfern":28,"minecraft:grass":18,"biomesoplenty:high_grass":11,"minecraft:dirt":2},"minecraft:custom":{"lootr:looted_stat":9,"minecraft:mob_kills":7,"minecraft:open_barrel":5,"minecraft:leave_game":1,"minecraft:time_since_death":403,"minecraft:sleep_in_bed":4,"minecraft:climb_one_cm":500,"minecraft:time_since_rest":1,"minecraft:sprint_one_cm":273476,"minecraft:damage_taken":3003,"minecraft:walk_one_cm":251599,"minecraft:trigger_trapped_chest":2,"minecraft:drop":8,"minecraft:damage_dealt":1057,"minecraft:swim_one_cm":78617,"minecraft:fly_one_cm":158025,"minecraft:open_chest":7,"minecraft:crouch_one_cm":242,"minecraft:play_time":73070,"tombstone:undead_killed":1,"minecraft:deaths":10,"minecraft:sneak_time":1091,"minecraft:walk_under_water_one_cm":18778,"minecraft:jump":1146,"minecraft:walk_on_water_one_cm":22547,"minecraft:total_world_time":73070,"minecraft:fall_one_cm":23235}},"DataVersion":3465}