{"stats":{"minecraft:killed_by":{"alexsmobs:bison":1},"minecraft:dropped":{"patchouli:guide_book":1},"minecraft:picked_up":{"patchouli:guide_book":1,"duneons:highlandfern":2},"minecraft:mined":{"duneons:highlandtallgrass":5,"duneons:bigferncreeperwoods":1,"duneons:highlandfern":3},"minecraft:custom":{"minecraft:time_since_rest":47,"minecraft:crouch_one_cm":44,"minecraft:play_time":6367,"minecraft:sprint_one_cm":34431,"minecraft:walk_one_cm":23454,"minecraft:damage_taken":455,"minecraft:deaths":2,"minecraft:sneak_time":27,"minecraft:walk_under_water_one_cm":120,"minecraft:drop":1,"minecraft:jump":105,"minecraft:damage_dealt":134,"minecraft:time_since_death":0,"minecraft:walk_on_water_one_cm":197,"minecraft:total_world_time":6367,"minecraft:swim_one_cm":97,"minecraft:fall_one_cm":3313,"minecraft:fly_one_cm":24993}},"DataVersion":3465}