{"stats":{"minecraft:broken":{"minecraft:golden_sword":1},"minecraft:picked_up":{"minecraft:wooden_axe":1,"minecraft:crafting_table":2,"simplehats:hatbag_rare":2,"minecraft:flower_pot":1,"minecraft:water_bucket":1,"minecraft:salmon":2,"minecraft:wooden_pickaxe":2,"minecraft:acacia_wood":3,"biomesoplenty:orange_autumn_sapling":3,"minecraft:stone_brick_wall":2,"minecraft:stone_brick_stairs":6,"minecraft:oak_log":7,"minecraft:golden_boots":1,"minecraft:cobblestone_wall":20,"gamediscs:game_disc_slime":1,"aquamirae:sharp_bones":1,"minecraft:dirt":27,"minecraft:string":1,"minecraft:wooden_sword":1,"minecraft:item_frame":2,"minecraft:stone_bricks":22,"minecraft:wheat_seeds":2,"minecraft:gold_nugget":38,"minecraft:spruce_planks":1,"minecraft:beef":1,"minecraft:stripped_oak_wood":2,"minecraft:iron_nugget":13,"minecraft:spruce_slab":5,"minecraft:oak_planks":2,"minecraft:spruce_trapdoor":8,"minecraft:book":3,"minecraft:stick":37,"apotheosis:gem":1,"minecraft:pumpkin":1,"minecraft:spruce_stairs":3,"aquaculture:perch":1,"minecraft:fire_charge":1,"minecraft:lily_of_the_valley":1,"minecraft:cyan_bed":4,"netherexp:rift_armor_trim_smithing_template":1,"minecraft:dark_oak_log":6,"aquaculture:capitaine":1,"create:crushed_raw_copper":4,"treasure2:gold_coin":2,"minecraft:golden_apple":1,"minecraft:emerald":2,"minecraft:jack_o_lantern":1,"minecraft:mutton":6,"minecraft:white_wool":4},"minecraft:mined":{"minecraft:dark_oak_log":6,"minecraft:jack_o_lantern":1,"minecraft:grass_block":14,"minecraft:tall_grass":1,"minecraft:cyan_bed":4,"minecraft:pumpkin":1,"minecraft:grass":12,"minecraft:dirt":10,"minecraft:cobweb":1,"minecraft:acacia_planks":2,"minecraft:white_banner":1},"minecraft:killed_by":{"minecraft:zombie":1,"minecraft:pillager":1},"minecraft:killed":{"minecraft:pig":1,"minecraft:vindicator":1,"minecraft:sheep":3,"minecraft:pillager":22},"minecraft:used":{"minecraft:golden_boots":74,"aquaculture:capitaine":1,"minecraft:salmon":2,"anthropology_items__structures:hunters_machete":91,"minecraft:dirt":13,"minecraft:mutton":6,"minecraft:crafting_table":1,"minecraft:apple":6,"minecraft:cyan_bed":1,"minecraft:string":1,"aquamirae:spinefish":1,"minecraft:golden_sword":24,"minecraft:beef":2,"aquaculture:perch":1},"minecraft:custom":{"lootr:looted_stat":9,"minecraft:mob_kills":27,"tombstone:raider_killed":23,"minecraft:interact_with_crafting_table":1,"minecraft:leave_game":5,"minecraft:time_since_death":1613,"minecraft:climb_one_cm":799,"minecraft:time_since_rest":1,"minecraft:sprint_one_cm":181104,"minecraft:damage_taken":2381,"minecraft:walk_one_cm":215167,"minecraft:drop":31,"minecraft:damage_dealt":5985,"minecraft:swim_one_cm":25875,"minecraft:fly_one_cm":123127,"minecraft:crouch_one_cm":93,"minecraft:play_time":54149,"minecraft:deaths":4,"minecraft:sneak_time":175,"minecraft:walk_under_water_one_cm":1395,"minecraft:interact_with_brewingstand":1,"minecraft:jump":989,"minecraft:walk_on_water_one_cm":10010,"minecraft:total_world_time":54149,"minecraft:fall_one_cm":24567},"minecraft:dropped":{"minecraft:wheat_seeds":3,"create:crushed_raw_copper":4,"create:shaft":3,"minecraft:oak_log":7,"minecraft:cobblestone_wall":20,"minecraft:wheat":6,"minecraft:rotten_flesh":7,"minecraft:oak_planks":2,"biomesoplenty:orange_autumn_sapling":1,"minecraft:leather_helmet":1,"minecraft:dirt":7,"minecraft:gunpowder":6,"minecraft:spruce_planks":9,"minecraft:wooden_axe":2,"minecraft:map":2,"minecraft:wooden_sword":1,"create:crushed_raw_iron":5,"minecraft:wooden_pickaxe":2,"minecraft:stripped_oak_wood":2,"aquamirae:sharp_bones":1,"minecraft:paper":8,"minecraft:cyan_bed":2,"minecraft:white_wool":1,"create:andesite_alloy":1,"minecraft:bone":5}},"DataVersion":3465}