{"stats":{"minecraft:picked_up":{"minecraft:wooden_axe":1,"minecraft:crafting_table":2,"minecraft:flower_pot":1,"minecraft:water_bucket":1,"minecraft:salmon":2,"minecraft:wooden_pickaxe":2,"minecraft:acacia_wood":3,"biomesoplenty:orange_autumn_sapling":3,"minecraft:stone_brick_wall":2,"minecraft:stone_brick_stairs":6,"minecraft:oak_log":7,"minecraft:golden_boots":1,"minecraft:cobblestone_wall":20,"gamediscs:game_disc_slime":1,"aquamirae:sharp_bones":1,"minecraft:dirt":27,"minecraft:string":1,"minecraft:wooden_sword":1,"minecraft:item_frame":2,"minecraft:stone_bricks":22,"minecraft:wheat_seeds":2,"minecraft:gold_nugget":35,"minecraft:spruce_planks":1,"minecraft:beef":1,"minecraft:stripped_oak_wood":2,"minecraft:iron_nugget":13,"minecraft:spruce_slab":5,"minecraft:oak_planks":2,"minecraft:spruce_trapdoor":8,"minecraft:book":3,"minecraft:stick":34,"apotheosis:gem":1,"minecraft:pumpkin":1,"minecraft:spruce_stairs":3,"aquaculture:perch":1,"minecraft:fire_charge":1,"minecraft:lily_of_the_valley":1,"minecraft:cyan_bed":3,"netherexp:rift_armor_trim_smithing_template":1,"minecraft:dark_oak_log":6,"aquaculture:capitaine":1,"create:crushed_raw_copper":4,"treasure2:gold_coin":2,"minecraft:golden_apple":1,"minecraft:emerald":1,"minecraft:mutton":1,"minecraft:white_wool":2},"minecraft:mined":{"minecraft:dark_oak_log":6,"minecraft:grass_block":14,"minecraft:cyan_bed":3,"minecraft:pumpkin":1,"minecraft:grass":7,"minecraft:dirt":10,"minecraft:cobweb":1},"minecraft:killed_by":{"minecraft:zombie":1},"minecraft:killed":{"minecraft:sheep":1},"minecraft:used":{"minecraft:golden_boots":6,"anthropology_items__structures:hunters_machete":1,"minecraft:dirt":13,"minecraft:mutton":1,"minecraft:crafting_table":1,"minecraft:apple":3,"minecraft:string":1,"aquamirae:spinefish":1,"minecraft:beef":2},"minecraft:custom":{"lootr:looted_stat":7,"minecraft:mob_kills":1,"minecraft:interact_with_crafting_table":1,"minecraft:leave_game":4,"minecraft:time_since_death":24650,"minecraft:climb_one_cm":356,"minecraft:time_since_rest":11576,"minecraft:sprint_one_cm":121384,"minecraft:damage_taken":880,"minecraft:walk_one_cm":125943,"minecraft:drop":31,"minecraft:damage_dealt":146,"minecraft:swim_one_cm":17898,"minecraft:fly_one_cm":85500,"minecraft:play_time":38783,"minecraft:deaths":3,"minecraft:sneak_time":104,"minecraft:walk_under_water_one_cm":900,"minecraft:interact_with_brewingstand":1,"minecraft:jump":669,"minecraft:walk_on_water_one_cm":6576,"minecraft:total_world_time":38783,"minecraft:fall_one_cm":18092},"minecraft:dropped":{"minecraft:wheat_seeds":3,"create:crushed_raw_copper":4,"create:shaft":3,"minecraft:oak_log":7,"minecraft:cobblestone_wall":20,"minecraft:wheat":6,"minecraft:rotten_flesh":7,"minecraft:oak_planks":2,"biomesoplenty:orange_autumn_sapling":1,"minecraft:leather_helmet":1,"minecraft:dirt":7,"minecraft:gunpowder":6,"minecraft:spruce_planks":9,"minecraft:wooden_axe":2,"minecraft:map":2,"minecraft:wooden_sword":1,"create:crushed_raw_iron":5,"minecraft:wooden_pickaxe":2,"minecraft:stripped_oak_wood":2,"aquamirae:sharp_bones":1,"minecraft:paper":8,"minecraft:cyan_bed":2,"minecraft:white_wool":1,"create:andesite_alloy":1,"minecraft:bone":5}},"DataVersion":3465}