{"stats":{"minecraft:killed_by":{"iceandfire:ice_dragon":2,"minecraft:skeleton":2,"artifacts:mimic":1,"minecraft:zombie":2,"alexsmobs:grizzly_bear":2,"alexsmobs:bison":1},"minecraft:dropped":{"minecraft:stone_sword":1,"treasure2:gold_coin":1,"minecraft:leather":4,"patchouli:guide_book":1,"tombstone:grave_key":5,"minecraft:spruce_slab":7},"minecraft:picked_up":{"minecraft:crafting_table":1,"minecraft:flower_pot":3,"minecraft:golden_leggings":1,"minecraft:leather":5,"minecraft:stone_brick_wall":3,"minecraft:oak_log":20,"minecraft:stone_brick_stairs":2,"minecraft:chainmail_chestplate":1,"tombstone:grave_key":1,"minecraft:cobblestone_wall":21,"minecraft:string":1,"minecraft:map":4,"minecraft:cornflower":1,"minecraft:red_bed":8,"minecraft:dirt":2,"minecraft:paper":2,"minecraft:iron_axe":1,"goblins:goblin_meat":1,"minecraft:compass":1,"minecraft:item_frame":5,"minecraft:pufferfish":1,"bloodandmadness:blood_vial":1,"minecraft:stone_bricks":33,"minecraft:wheat_seeds":2,"minecraft:spruce_planks":8,"minecraft:beef":1,"minecraft:stone_pickaxe":1,"minecraft:spruce_slab":14,"minecraft:spruce_trapdoor":5,"minecraft:book":15,"minecraft:stick":25,"aquaculture:smallmouth_bass":1,"apotheosis:gem":5,"patchouli:guide_book":1,"minecraft:copper_ingot":2,"minecraft:torch":9,"minecraft:spruce_stairs":1,"duneons:highlandfern":24,"minecraft:lily_of_the_valley":2,"minecraft:dark_oak_log":1,"minecraft:trapped_chest":1,"minecraft:leather_helmet":1,"minecraft:stone_sword":2,"minecraft:rotten_flesh":2,"minecraft:iron_helmet":1,"treasure2:gold_coin":2,"bloodandmadness:sanguisteel_nugget":1,"minecraft:iron_bars":1},"minecraft:killed":{"goblins:goblin_zombie":1,"duneons:keygolem":1,"alexsmobs:raccoon":1,"minecraft:spider":1,"aquaculture:gar":1,"alexsmobs:shoebill":1,"aquaculture:smallmouth_bass":2,"alexsmobs:tasmanian_devil":1,"iceandfire:stymphalian_bird":1,"minecraft:pufferfish":1,"minecraft:zombie":1,"minecraft:cow":1},"minecraft:crafted":{"minecraft:golden_axe":3,"minecraft:golden_chestplate":1,"minecraft:crafting_table":1,"minecraft:golden_pickaxe":3,"minecraft:stick":4,"minecraft:iron_pickaxe":2},"minecraft:used":{"minecraft:water_bucket":13,"minecraft:stone_sword":18,"quark:crab_leg":6,"minecraft:salmon":10,"minecraft:torch":1,"anthropology_items__structures:hunters_machete":29,"minecraft:red_bed":8,"minecraft:spruce_stairs":1,"minecraft:crossbow":1,"minecraft:cod":3,"minecraft:iron_axe":7,"minecraft:bread":4,"minecraft:spruce_trapdoor":1,"minecraft:stone_bricks":17,"minecraft:pufferfish":1,"minecraft:beef":1,"minecraft:pufferfish_bucket":1,"aquaculture:smallmouth_bass":1,"minecraft:bucket":14,"duneons:highlandfern":6,"minecraft:trapped_chest":1},"minecraft:mined":{"minecraft:red_bed":8,"duneons:bigferncreeperwoods":1,"minecraft:spruce_trapdoor":1,"biomesoplenty:bush":4,"duneons:highlandtallgrass":104,"biomesoplenty:high_grass_plant":13,"minecraft:tall_grass":2,"minecraft:lilac":1,"treechop:chopped_log":1,"duneons:highlandfern":28,"minecraft:grass":18,"biomesoplenty:high_grass":11,"minecraft:dirt":2},"minecraft:custom":{"lootr:looted_stat":11,"minecraft:mob_kills":13,"minecraft:interact_with_crafting_table":3,"minecraft:open_barrel":10,"minecraft:leave_game":1,"minecraft:time_since_death":17835,"minecraft:sleep_in_bed":6,"minecraft:climb_one_cm":500,"minecraft:damage_resisted":0,"minecraft:time_since_rest":4920,"minecraft:sprint_one_cm":351664,"minecraft:damage_taken":4179,"minecraft:walk_one_cm":311773,"minecraft:trigger_trapped_chest":3,"minecraft:drop":10,"minecraft:damage_dealt":2037,"minecraft:swim_one_cm":103716,"minecraft:fly_one_cm":199894,"minecraft:open_chest":27,"minecraft:crouch_one_cm":242,"minecraft:play_time":97070,"tombstone:undead_killed":2,"minecraft:deaths":12,"minecraft:sneak_time":1361,"minecraft:walk_under_water_one_cm":28186,"minecraft:jump":1464,"minecraft:walk_on_water_one_cm":35035,"minecraft:total_world_time":97070,"minecraft:fall_one_cm":27161}},"DataVersion":3465}