{"stats":{"minecraft:killed_by":{"alexsmobs:bison":1},"minecraft:dropped":{"patchouli:guide_book":1},"minecraft:picked_up":{"patchouli:guide_book":1,"minecraft:wheat_seeds":2,"duneons:highlandfern":24},"minecraft:used":{"duneons:highlandfern":6},"minecraft:mined":{"minecraft:grass":18,"biomesoplenty:bush":4,"biomesoplenty:high_grass":11,"duneons:highlandtallgrass":104,"biomesoplenty:high_grass_plant":13,"minecraft:tall_grass":1,"duneons:bigferncreeperwoods":1,"minecraft:lilac":1,"duneons:highlandfern":28},"minecraft:custom":{"minecraft:time_since_rest":9318,"minecraft:crouch_one_cm":44,"minecraft:play_time":17835,"minecraft:sprint_one_cm":77295,"minecraft:walk_one_cm":57543,"minecraft:damage_taken":625,"minecraft:deaths":2,"minecraft:sneak_time":27,"minecraft:walk_under_water_one_cm":332,"minecraft:drop":1,"minecraft:jump":303,"minecraft:damage_dealt":179,"minecraft:leave_game":1,"minecraft:time_since_death":9647,"minecraft:walk_on_water_one_cm":410,"minecraft:total_world_time":17835,"minecraft:swim_one_cm":468,"minecraft:fall_one_cm":7835,"minecraft:fly_one_cm":50006}},"DataVersion":3465}