{"stats":{"minecraft:picked_up":{"minecraft:pumpkin":1,"minecraft:spruce_stairs":2,"biomesoplenty:orange_autumn_sapling":2,"minecraft:acacia_wood":3,"minecraft:cyan_bed":3,"minecraft:dark_oak_log":6,"aquamirae:sharp_bones":1,"minecraft:dirt":20,"minecraft:stone_bricks":1,"minecraft:wheat_seeds":2,"treasure2:gold_coin":1,"minecraft:spruce_planks":1,"minecraft:stripped_oak_wood":2,"minecraft:mutton":1,"minecraft:white_wool":1},"minecraft:mined":{"minecraft:dark_oak_log":6,"minecraft:pumpkin":1,"minecraft:grass":7,"minecraft:grass_block":14,"minecraft:dirt":10,"minecraft:cyan_bed":3},"minecraft:killed_by":{"minecraft:zombie":1},"minecraft:used":{"aquamirae:spinefish":1,"minecraft:dirt":13,"minecraft:mutton":1,"minecraft:beef":2},"minecraft:killed":{"minecraft:sheep":1},"minecraft:custom":{"minecraft:time_since_rest":9197,"lootr:looted_stat":2,"minecraft:sprint_one_cm":72654,"minecraft:damage_taken":860,"minecraft:walk_one_cm":99701,"minecraft:mob_kills":1,"minecraft:drop":5,"minecraft:damage_dealt":146,"minecraft:swim_one_cm":2801,"minecraft:fly_one_cm":45404,"minecraft:play_time":24808,"minecraft:deaths":3,"minecraft:walk_under_water_one_cm":27,"minecraft:jump":428,"minecraft:interact_with_brewingstand":1,"minecraft:leave_game":4,"minecraft:walk_on_water_one_cm":2754,"minecraft:time_since_death":10675,"minecraft:total_world_time":24808,"minecraft:fall_one_cm":12261},"minecraft:dropped":{"minecraft:wheat_seeds":3,"aquamirae:sharp_bones":1,"minecraft:cyan_bed":1}},"DataVersion":3465}