{"stats":{"minecraft:picked_up":{"treasure2:gold_coin":1,"minecraft:wheat_seeds":1,"minecraft:dirt":3},"minecraft:mined":{"minecraft:grass":4,"minecraft:grass_block":4,"minecraft:dirt":2},"minecraft:used":{"minecraft:dirt":2},"minecraft:custom":{"minecraft:jump":169,"minecraft:time_since_rest":2921,"minecraft:damage_dealt":20,"minecraft:damage_taken":585,"minecraft:leave_game":3,"minecraft:time_since_death":5320,"minecraft:play_time":12451,"minecraft:sprint_one_cm":37727,"minecraft:walk_one_cm":20290,"minecraft:walk_on_water_one_cm":1344,"minecraft:deaths":2,"minecraft:total_world_time":12451,"minecraft:fall_one_cm":8064,"minecraft:fly_one_cm":25670}},"DataVersion":3465}