{"stats":{"minecraft:killed_by":{"minecraft:skeleton":1,"alexsmobs:bison":1},"minecraft:dropped":{"tombstone:grave_key":3,"patchouli:guide_book":1},"minecraft:picked_up":{"patchouli:guide_book":1,"minecraft:wheat_seeds":2,"duneons:highlandfern":24,"minecraft:dirt":2},"minecraft:used":{"duneons:highlandfern":6},"minecraft:mined":{"minecraft:grass":18,"biomesoplenty:bush":4,"biomesoplenty:high_grass":11,"duneons:highlandtallgrass":104,"minecraft:dirt":2,"biomesoplenty:high_grass_plant":13,"duneons:bigferncreeperwoods":1,"minecraft:tall_grass":1,"minecraft:lilac":1,"duneons:highlandfern":28},"minecraft:custom":{"minecraft:time_since_rest":1,"minecraft:crouch_one_cm":83,"minecraft:damage_taken":685,"minecraft:play_time":19070,"minecraft:sprint_one_cm":82434,"minecraft:deaths":3,"minecraft:walk_one_cm":60762,"minecraft:sneak_time":36,"minecraft:walk_under_water_one_cm":332,"minecraft:drop":4,"minecraft:jump":323,"minecraft:damage_dealt":179,"minecraft:leave_game":1,"minecraft:time_since_death":458,"minecraft:walk_on_water_one_cm":410,"minecraft:total_world_time":19070,"minecraft:swim_one_cm":468,"minecraft:fall_one_cm":7835,"minecraft:fly_one_cm":52988}},"DataVersion":3465}