{"stats":{"minecraft:killed_by":{"alexsmobs:bison":1,"minecraft:skeleton":2,"artifacts:mimic":1,"minecraft:zombie":1},"minecraft:dropped":{"tombstone:grave_key":5,"patchouli:guide_book":1},"minecraft:picked_up":{"minecraft:book":6,"aquaculture:smallmouth_bass":1,"apotheosis:gem":4,"minecraft:flower_pot":3,"patchouli:guide_book":1,"minecraft:leather":1,"minecraft:spruce_stairs":1,"minecraft:stone_brick_wall":3,"duneons:highlandfern":24,"minecraft:stone_brick_stairs":1,"tombstone:grave_key":1,"minecraft:cobblestone_wall":10,"minecraft:lily_of_the_valley":2,"minecraft:cornflower":1,"minecraft:dirt":2,"minecraft:red_bed":8,"goblins:goblin_meat":1,"minecraft:item_frame":4,"minecraft:stone_sword":1,"minecraft:stone_bricks":33,"bloodandmadness:blood_vial":1,"minecraft:wheat_seeds":2,"minecraft:spruce_planks":7,"minecraft:beef":1,"minecraft:stone_pickaxe":1,"bloodandmadness:sanguisteel_nugget":1,"minecraft:spruce_slab":7,"minecraft:iron_bars":1,"minecraft:spruce_trapdoor":5},"minecraft:killed":{"goblins:goblin_zombie":1,"duneons:keygolem":1,"aquaculture:gar":1,"aquaculture:smallmouth_bass":1,"minecraft:cow":1},"minecraft:crafted":{"minecraft:crafting_table":1,"minecraft:stick":4},"minecraft:used":{"minecraft:stone_sword":10,"quark:crab_leg":6,"minecraft:spruce_trapdoor":1,"minecraft:stone_bricks":17,"minecraft:salmon":1,"anthropology_items__structures:hunters_machete":5,"minecraft:beef":1,"minecraft:red_bed":8,"aquaculture:smallmouth_bass":1,"duneons:highlandfern":6},"minecraft:mined":{"minecraft:red_bed":8,"duneons:bigferncreeperwoods":1,"minecraft:lilac":1,"duneons:highlandfern":28,"minecraft:spruce_trapdoor":1,"minecraft:grass":18,"biomesoplenty:bush":4,"biomesoplenty:high_grass":11,"duneons:highlandtallgrass":104,"minecraft:dirt":2,"biomesoplenty:high_grass_plant":13,"minecraft:tall_grass":1},"minecraft:custom":{"minecraft:time_since_rest":7454,"lootr:looted_stat":9,"minecraft:sprint_one_cm":213655,"minecraft:damage_taken":1963,"minecraft:walk_one_cm":203317,"minecraft:mob_kills":5,"minecraft:drop":6,"minecraft:damage_dealt":869,"minecraft:swim_one_cm":66794,"minecraft:fly_one_cm":122206,"minecraft:open_barrel":5,"minecraft:open_chest":7,"tombstone:undead_killed":1,"minecraft:crouch_one_cm":145,"minecraft:play_time":61070,"minecraft:deaths":7,"minecraft:sneak_time":867,"minecraft:walk_under_water_one_cm":16610,"minecraft:jump":952,"minecraft:leave_game":1,"minecraft:walk_on_water_one_cm":20706,"minecraft:time_since_death":7647,"minecraft:sleep_in_bed":3,"minecraft:total_world_time":61070,"minecraft:fall_one_cm":20161}},"DataVersion":3465}