{"stats":{"minecraft:killed_by":{"minecraft:skeleton":1,"minecraft:zombie":1,"alexsmobs:bison":1},"minecraft:dropped":{"tombstone:grave_key":5,"patchouli:guide_book":1},"minecraft:picked_up":{"bloodandmadness:blood_vial":1,"patchouli:guide_book":1,"minecraft:wheat_seeds":2,"tombstone:grave_key":1,"duneons:highlandfern":24,"bloodandmadness:sanguisteel_nugget":1,"minecraft:dirt":2},"minecraft:used":{"minecraft:salmon":1,"duneons:highlandfern":6,"quark:crab_leg":6},"minecraft:mined":{"minecraft:grass":18,"biomesoplenty:bush":4,"biomesoplenty:high_grass":11,"duneons:highlandtallgrass":104,"minecraft:dirt":2,"biomesoplenty:high_grass_plant":13,"duneons:bigferncreeperwoods":1,"minecraft:tall_grass":1,"minecraft:lilac":1,"duneons:highlandfern":28},"minecraft:custom":{"minecraft:open_chest":4,"minecraft:time_since_rest":1703,"lootr:looted_stat":3,"minecraft:crouch_one_cm":84,"minecraft:damage_taken":1027,"minecraft:play_time":31070,"minecraft:sprint_one_cm":151193,"minecraft:deaths":4,"minecraft:walk_one_cm":84843,"minecraft:sneak_time":270,"minecraft:walk_under_water_one_cm":6836,"minecraft:drop":6,"minecraft:jump":558,"minecraft:damage_dealt":179,"minecraft:leave_game":1,"minecraft:time_since_death":4102,"minecraft:walk_on_water_one_cm":9149,"minecraft:sleep_in_bed":1,"minecraft:total_world_time":31070,"minecraft:swim_one_cm":24775,"minecraft:fall_one_cm":12655,"minecraft:fly_one_cm":91328}},"DataVersion":3465}