{"stats":{"minecraft:killed_by":{"alexsmobs:bison":1,"minecraft:skeleton":1,"artifacts:mimic":1,"minecraft:zombie":1},"minecraft:dropped":{"tombstone:grave_key":5,"patchouli:guide_book":1},"minecraft:picked_up":{"minecraft:book":6,"apotheosis:gem":4,"minecraft:flower_pot":3,"patchouli:guide_book":1,"minecraft:spruce_stairs":1,"minecraft:stone_brick_wall":3,"duneons:highlandfern":24,"minecraft:stone_brick_stairs":1,"tombstone:grave_key":1,"minecraft:cobblestone_wall":10,"minecraft:lily_of_the_valley":2,"minecraft:cornflower":1,"minecraft:dirt":2,"minecraft:item_frame":4,"minecraft:stone_sword":1,"minecraft:stone_bricks":33,"bloodandmadness:blood_vial":1,"minecraft:wheat_seeds":2,"minecraft:spruce_planks":7,"minecraft:stone_pickaxe":1,"bloodandmadness:sanguisteel_nugget":1,"minecraft:spruce_slab":7,"minecraft:iron_bars":1,"minecraft:spruce_trapdoor":4},"minecraft:used":{"quark:crab_leg":6,"minecraft:salmon":1,"duneons:highlandfern":6},"minecraft:mined":{"duneons:bigferncreeperwoods":1,"minecraft:lilac":1,"duneons:highlandfern":28,"minecraft:grass":18,"biomesoplenty:bush":4,"biomesoplenty:high_grass":11,"duneons:highlandtallgrass":104,"minecraft:dirt":2,"biomesoplenty:high_grass_plant":13,"minecraft:tall_grass":1},"minecraft:custom":{"minecraft:time_since_rest":32,"lootr:looted_stat":4,"minecraft:sprint_one_cm":188464,"minecraft:damage_taken":1687,"minecraft:walk_one_cm":132649,"minecraft:drop":6,"minecraft:damage_dealt":189,"minecraft:swim_one_cm":47033,"minecraft:fly_one_cm":105971,"minecraft:open_barrel":1,"minecraft:open_chest":7,"minecraft:crouch_one_cm":85,"minecraft:play_time":43070,"minecraft:deaths":6,"minecraft:sneak_time":509,"minecraft:walk_under_water_one_cm":9431,"minecraft:jump":720,"minecraft:leave_game":1,"minecraft:walk_on_water_one_cm":15209,"minecraft:time_since_death":1234,"minecraft:sleep_in_bed":2,"minecraft:total_world_time":43070,"minecraft:fall_one_cm":15373}},"DataVersion":3465}