{"stats":{"minecraft:killed":{"treasure2:bound_soul":1,"duneons:mountaineer":1},"minecraft:picked_up":{"minecraft:stick":7,"minecraft:crafting_table":2,"minecraft:torch":11,"minecraft:oak_log":24,"duneons:rottenapple":1,"minecraft:white_bed":1,"minecraft:dirt":12,"duneons:teapot":1,"minecraft:rotten_flesh":1,"minecraft:apple":1,"minecraft:wheat_seeds":1,"minecraft:oak_sapling":11,"minecraft:cobblestone":70,"minecraft:egg":1},"minecraft:custom":{"minecraft:time_since_rest":7057,"minecraft:sprint_one_cm":31802,"minecraft:damage_taken":825,"minecraft:walk_one_cm":192879,"minecraft:mob_kills":2,"minecraft:damage_dealt":535,"minecraft:swim_one_cm":1204,"minecraft:interact_with_crafting_table":5,"minecraft:fly_one_cm":47342,"minecraft:crouch_one_cm":1712,"minecraft:play_time":50421,"tombstone:undead_killed":1,"minecraft:deaths":3,"minecraft:sneak_time":722,"minecraft:walk_under_water_one_cm":1984,"minecraft:jump":358,"minecraft:leave_game":1,"minecraft:time_since_death":7161,"minecraft:walk_on_water_one_cm":1338,"minecraft:sleep_in_bed":2,"minecraft:climb_one_cm":723,"minecraft:total_world_time":50421,"minecraft:fall_one_cm":5642},"minecraft:mined":{"duneons:rottenapple":1,"dynamictrees:oak_leaves":4,"minecraft:white_bed":1,"duneons:bigferncreeperwoods":1,"treechop:chopped_log":13,"minecraft:crafting_table":2,"duneons:creeperwoodstallgrass":1,"minecraft:torch":3,"minecraft:grass":9,"minecraft:grass_block":7,"minecraft:oak_log":10,"duneons:melondirt":1,"minecraft:dirt":13,"minecraft:tall_grass":6,"duneons:teapot":1,"minecraft:stone":70,"minecraft:oak_leaves":7,"minecraft:wall_torch":8},"minecraft:crafted":{"minecraft:oak_planks":24,"minecraft:crafting_table":1,"minecraft:stick":4,"minecraft:stone_pickaxe":1,"minecraft:wooden_pickaxe":1,"minecraft:wooden_axe":1,"minecraft:stone_sword":1,"minecraft:stone_axe":1},"minecraft:used":{"minecraft:wooden_axe":45,"minecraft:stone_sword":3,"minecraft:stone_pickaxe":62,"minecraft:wooden_pickaxe":8,"minecraft:stone_axe":1,"duneons:rottenapple":1,"minecraft:torch":5,"duneons:teapot":1,"minecraft:crafting_table":2,"tombstone:gift":1},"minecraft:killed_by":{"unearthed_journey:reem":2,"minecraft:pillager":1}},"DataVersion":3465}