{"stats":{"minecraft:killed_by":{"duneons:squallgolem":1,"minecraft:pillager":1,"unearthed_journey:reem":4,"minecraft:zombie":1,"duneons:mountaineer":1},"minecraft:dropped":{"minecraft:oak_log":19,"minecraft:dirt":98,"minecraft:oak_planks":48,"minecraft:oak_sapling":11},"minecraft:picked_up":{"minecraft:crafting_table":2,"treasure2:topaz":1,"soulsweapons:moonstone":5,"minecraft:red_bed":2,"minecraft:dark_oak_trapdoor":4,"duneons:ashblock":14,"minecraft:raw_copper":126,"quark:spruce_chest":1,"minecraft:candle":4,"minecraft:cobbled_deepslate":5,"minecraft:spruce_slab":1,"unearthed_journey:repeater_bow":1,"minecraft:spruce_trapdoor":2,"minecraft:egg":1,"minecraft:stick":7,"minecraft:raw_iron":114,"simplehats:hatbag_common":1,"simplehats:bigbrain":1,"minecraft:torch":22,"quark:blossom_planks_slab":1,"minecraft:diorite":37,"minecraft:redstone":33,"unearthed_journey:timeless_quaternary_lantern":1,"mekanism:raw_tin":18,"minecraft:rotten_flesh":3,"bloodandmadness:sanguisteel_nugget":1,"minecraft:cod":1,"minecraft:cobblestone":319,"create:brown_seat":2,"duneons:dungeonscharreddirt":10,"mekanism:raw_lead":4,"minecraft:andesite":44,"malum:cluster_of_brilliance":3,"minecraft:potato":1,"create:raw_zinc":24,"minecraft:oak_log":43,"duneons:rottenapple":1,"minecraft:lapis_lazuli":5,"minecraft:dirt":186,"minecraft:apple":1,"minecraft:wheat_seeds":1,"minecraft:raw_gold":5,"minecraft:oak_planks":48,"minecraft:book":9,"duneons:dungeonscharredcobblestone":1,"supplementaries:sack":1,"minecraft:raw_iron_block":7,"minecraft:sand":1,"minecraft:white_bed":1,"quark:blossom_trapdoor":2,"mekanism:raw_osmium":2,"alexsmobs:bison_carpet":3,"duneons:teapot":1,"quark:blossom_planks_stairs":2,"mekanism:fluorite_gem":3,"minecraft:granite":40,"soulsweapons:verglas":1,"minecraft:oak_sapling":11,"minecraft:coal":48,"iceandfire:raw_silver":2},"minecraft:killed":{"duneons:vindicatorvariant":3,"minecraft:cod":1,"treasure2:bound_soul":1,"duneons:mountaineer":5,"minecraft:zombie":4,"unearthed_journey:reem":1},"minecraft:crafted":{"minecraft:oak_planks":96,"minecraft:stone_pickaxe":7,"minecraft:chest":2,"minecraft:emerald":7,"minecraft:crafting_table":2,"minecraft:wooden_pickaxe":1,"minecraft:copper_ingot":12,"minecraft:stone_axe":1,"minecraft:air":0,"minecraft:stick":16,"quark:oak_chest":3,"minecraft:iron_ingot":60,"minecraft:wooden_axe":1,"minecraft:stone_sword":1,"minecraft:gold_ingot":6},"minecraft:broken":{"minecraft:stone_pickaxe":4},"minecraft:used":{"minecraft:stone_sword":25,"minecraft:chest":2,"minecraft:torch":29,"minecraft:dirt":17,"duneons:teapot":1,"minecraft:cod_bucket":1,"minecraft:granite":11,"minecraft:wooden_axe":45,"tombstone:gift":1,"minecraft:potato":2,"minecraft:cobbled_deepslate":2,"minecraft:golden_boots":1,"minecraft:diorite":11,"minecraft:stone_pickaxe":634,"minecraft:leather_chestplate":1,"minecraft:wooden_pickaxe":8,"anthropology_items__structures:hunters_machete":34,"minecraft:crafting_table":3,"minecraft:red_bed":2,"minecraft:white_bed":1,"minecraft:iron_pickaxe":114,"minecraft:golden_leggings":1,"minecraft:golden_helmet":1,"minecraft:stone_axe":25,"duneons:rottenapple":1,"minecraft:cobblestone":39,"minecraft:bucket":1,"minecraft:andesite":29,"minecraft:pumpkin_pie":1,"quark:oak_chest":2},"minecraft:mined":{"create:deepslate_zinc_ore":24,"minecraft:white_bed":1,"iceandfire:silver_ore":2,"minecraft:candle":1,"duneons:bigferncreeperwoods":1,"duneons:ashblock":14,"create:brown_seat":2,"minecraft:granite":40,"duneons:charredstone":1,"minecraft:spruce_trapdoor":2,"minecraft:grass_block":36,"minecraft:decorated_pot":1,"duneons:highlandtallgrass":1,"treasure2:deepslate_topaz_ore":1,"dynamictrees:oak_leaves":4,"minecraft:raw_iron_block":7,"minecraft:dark_oak_trapdoor":4,"minecraft:iron_ore":29,"minecraft:andesite":44,"treechop:chopped_log":13,"minecraft:deepslate_lapis_ore":1,"soulsweapons:moonstone_ore_deepslate":3,"minecraft:deepslate_iron_ore":85,"duneons:melondirt":1,"minecraft:vine":1,"quark:blossom_trapdoor":2,"minecraft:stone":311,"quark:blossom_planks_slab":1,"minecraft:spruce_slab":1,"alexsmobs:bison_carpet":3,"minecraft:deepslate_redstone_ore":8,"mekanism:osmium_ore":2,"minecraft:red_bed":2,"quark:spruce_bookshelf":3,"minecraft:crafting_table":2,"soulsweapons:moonstone_ore":2,"minecraft:torch":4,"mekanism:tin_ore":18,"malum:brilliant_deepslate":3,"supplementaries:sack":1,"minecraft:copper_ore":28,"minecraft:tall_grass":6,"minecraft:cobblestone":8,"minecraft:deepslate_gold_ore":5,"minecraft:diorite":37,"minecraft:wall_torch":14,"supplementaries:urn":1,"minecraft:deepslate_copper_ore":8,"duneons:rottenapple":1,"quark:blossom_planks_stairs":2,"duneons:highlandfern":1,"duneons:creeperwoodstallgrass":1,"minecraft:grass":9,"minecraft:oak_log":10,"minecraft:coal_ore":48,"mekanism:lead_ore":4,"quark:spruce_chest":1,"mekanism:deepslate_fluorite_ore":1,"minecraft:sand":1,"minecraft:dirt":159,"duneons:teapot":1,"duneons:dungeonscharreddirt":10,"minecraft:oak_leaves":15,"minecraft:deepslate":3,"soulsweapons:verglas_ore":1},"minecraft:custom":{"lootr:looted_stat":6,"minecraft:mob_kills":16,"minecraft:interact_with_crafting_table":11,"minecraft:open_barrel":23,"goblintraders:trade_with_goblin":45,"minecraft:damage_dealt_resisted":0,"minecraft:leave_game":1,"minecraft:time_since_death":13502,"minecraft:climb_one_cm":1007,"minecraft:damage_resisted":11,"minecraft:sprint_one_cm":70710,"minecraft:walk_one_cm":667417,"minecraft:drop":8,"minecraft:play_time":139331,"minecraft:deaths":8,"minecraft:sneak_time":3708,"minecraft:walk_under_water_one_cm":5663,"minecraft:jump":1127,"minecraft:walk_on_water_one_cm":13665,"minecraft:total_world_time":139331,"tombstone:raider_killed":3,"minecraft:sleep_in_bed":4,"minecraft:time_since_rest":12255,"minecraft:damage_taken":2285,"minecraft:damage_dealt":2896,"minecraft:swim_one_cm":10067,"minecraft:fly_one_cm":91847,"minecraft:open_chest":43,"tombstone:undead_killed":5,"minecraft:crouch_one_cm":6287,"minecraft:fall_one_cm":14842}},"DataVersion":3465}