{"stats":{"minecraft:killed_by":{"duneons:squallgolem":1,"minecraft:pillager":1,"minecraft:drowned":1,"unearthed_journey:reem":4,"minecraft:skeleton":1,"minecraft:zombie":2,"duneons:mountaineer":1},"minecraft:dropped":{"minecraft:oak_log":19,"minecraft:iron_helmet":1,"minecraft:cobblestone":3,"minecraft:dirt":98,"minecraft:iron_axe":1,"minecraft:bone":2,"minecraft:stone_axe":1,"minecraft:stone_sword":1,"minecraft:cobbled_deepslate":8,"minecraft:oak_planks":48,"minecraft:chainmail_chestplate":1,"supplementaries:flax_seeds":1,"bloodandmadness:sanguisteel_nugget":1,"minecraft:golden_leggings":1,"minecraft:oak_sapling":11,"minecraft:stone_pickaxe":4},"minecraft:picked_up":{"minecraft:crafting_table":2,"securitycraft:keypad_item":2,"treasure2:topaz":1,"soulsweapons:moonstone":8,"supplementaries:ash_bricks":1,"minecraft:dark_oak_trapdoor":4,"minecraft:red_bed":8,"duneons:ashblock":14,"minecraft:raw_copper":126,"quark:spruce_chest":1,"minecraft:candle":4,"minecraft:cobbled_deepslate":76,"minecraft:spruce_slab":2,"unearthed_journey:repeater_bow":1,"minecraft:spruce_trapdoor":2,"minecraft:egg":1,"minecraft:stick":7,"minecraft:raw_iron":120,"securitycraft:reinforced_cobblestone":20,"simplehats:hatbag_common":1,"simplehats:bigbrain":1,"minecraft:torch":23,"quark:blossom_planks_slab":1,"tombstone:grave_dust":1,"minecraft:diorite":37,"minecraft:redstone":52,"unearthed_journey:timeless_quaternary_lantern":1,"mekanism:raw_tin":22,"minecraft:rotten_flesh":3,"malum:natural_quartz":70,"bloodandmadness:sanguisteel_nugget":2,"minecraft:cod":1,"minecraft:cobblestone":320,"create:brown_seat":2,"duneons:dungeonscharreddirt":10,"mekanism:raw_lead":11,"minecraft:andesite":44,"malum:cluster_of_brilliance":3,"minecraft:potato":1,"supplementaries:flax_seeds":2,"create:raw_zinc":52,"minecraft:oak_log":43,"duneons:rottenapple":1,"minecraft:dirt":186,"minecraft:lapis_lazuli":39,"malum:cthonic_gold_fragment":12,"mekanism:salt":132,"minecraft:bone":2,"minecraft:apple":1,"minecraft:wheat_seeds":1,"minecraft:raw_gold":20,"minecraft:stone_pickaxe":1,"create:cut_deepslate":2,"minecraft:oak_planks":48,"minecraft:book":9,"duneons:dungeonscharredcobblestone":1,"supplementaries:sack":1,"minecraft:raw_iron_block":7,"minecraft:sand":28,"minecraft:white_bed":1,"quark:blossom_trapdoor":2,"mekanism:raw_osmium":5,"alexsmobs:bison_carpet":3,"duneons:teapot":1,"minecraft:diamond":24,"quark:blossom_planks_stairs":2,"mekanism:fluorite_gem":16,"minecraft:granite":40,"soulsweapons:verglas":1,"tombstone:magic_scroll":1,"minecraft:oak_sapling":11,"minecraft:coal":48,"iceandfire:raw_silver":2},"minecraft:killed":{"duneons:vindicatorvariant":7,"minecraft:cod":1,"minecraft:skeleton":1,"treasure2:bound_soul":1,"duneons:keygolem":1,"duneons:mountaineer":5,"minecraft:zombie":6,"unearthed_journey:reem":1},"minecraft:crafted":{"minecraft:oak_planks":104,"soulsweapons:guts_sword":1,"securitycraft:keypad_item":1,"minecraft:heavy_weighted_pressure_plate":1,"minecraft:glass_pane":16,"securitycraft:laser_block":1,"minecraft:glass":12,"minecraft:iron_boots":1,"minecraft:stone_pickaxe":7,"minecraft:chest":2,"minecraft:copper_block":7,"minecraft:redstone_block":1,"ironchest:wood_to_iron_chest_upgrade":2,"minecraft:emerald":7,"minecraft:crafting_table":2,"securitycraft:reinforced_stone_button":8,"minecraft:wooden_pickaxe":1,"minecraft:golden_pickaxe":2,"minecraft:copper_ingot":120,"minecraft:stone_axe":1,"minecraft:air":0,"securitycraft:reinforced_stone":20,"minecraft:diamond_pickaxe":1,"minecraft:iron_block":7,"minecraft:iron_pickaxe":1,"minecraft:stick":28,"quark:oak_chest":3,"minecraft:iron_ingot":120,"minecraft:wooden_axe":1,"minecraft:stone_sword":1,"minecraft:gold_ingot":30,"minecraft:torch":8,"securitycraft:universal_block_reinforcer_lvl1":1},"minecraft:broken":{"minecraft:stone_pickaxe":4},"minecraft:used":{"ironchest:wood_to_iron_chest_upgrade":2,"minecraft:stone_sword":25,"minecraft:spruce_slab":2,"minecraft:chest":2,"minecraft:torch":30,"minecraft:dirt":17,"duneons:teapot":1,"securitycraft:keypad_item":3,"minecraft:cod_bucket":1,"minecraft:granite":11,"minecraft:wooden_axe":45,"soulsweapons:guts_sword":32,"tombstone:gift":1,"minecraft:potato":2,"minecraft:cobbled_deepslate":27,"minecraft:golden_boots":1,"minecraft:water_bucket":8,"minecraft:diorite":11,"minecraft:stone_pickaxe":795,"minecraft:oak_planks":2,"minecraft:wooden_pickaxe":8,"minecraft:leather_chestplate":1,"create:cut_deepslate":2,"minecraft:cookie":2,"anthropology_items__structures:hunters_machete":46,"supplementaries:ash_bricks":1,"minecraft:crafting_table":3,"minecraft:red_bed":8,"minecraft:white_bed":1,"minecraft:iron_pickaxe":223,"duneons:rottenapple":1,"minecraft:golden_leggings":1,"minecraft:golden_helmet":1,"minecraft:stone_axe":25,"minecraft:cobblestone":47,"minecraft:andesite":29,"minecraft:bucket":9,"minecraft:pumpkin_pie":1,"quark:oak_chest":2},"minecraft:mined":{"minecraft:dark_oak_planks":2,"create:deepslate_zinc_ore":52,"minecraft:tuff":3,"minecraft:white_bed":1,"iceandfire:silver_ore":2,"minecraft:deepslate_diamond_ore":24,"minecraft:candle":1,"duneons:bigferncreeperwoods":1,"duneons:ashblock":14,"create:brown_seat":2,"mekanism:deepslate_osmium_ore":3,"duneons:charredstone":1,"minecraft:spruce_trapdoor":2,"minecraft:granite":40,"supplementaries:ash_bricks":1,"minecraft:grass_block":36,"minecraft:decorated_pot":1,"duneons:highlandtallgrass":1,"treasure2:deepslate_topaz_ore":1,"dynamictrees:oak_leaves":4,"minecraft:raw_iron_block":7,"minecraft:dark_oak_trapdoor":4,"minecraft:iron_ore":29,"malum:natural_quartz_ore":63,"minecraft:andesite":44,"treechop:chopped_log":13,"minecraft:deepslate_lapis_ore":6,"soulsweapons:moonstone_ore_deepslate":6,"minecraft:deepslate_iron_ore":91,"duneons:melondirt":1,"minecraft:vine":1,"quark:blossom_trapdoor":2,"minecraft:stone":311,"quark:blossom_planks_slab":1,"minecraft:spruce_slab":2,"mekanism:deepslate_lead_ore":7,"alexsmobs:bison_carpet":3,"minecraft:deepslate_redstone_ore":12,"mekanism:osmium_ore":2,"minecraft:red_bed":8,"malum:cthonic_gold_ore":3,"mekanism:block_salt":33,"quark:spruce_bookshelf":3,"minecraft:crafting_table":2,"soulsweapons:moonstone_ore":2,"minecraft:torch":4,"mekanism:tin_ore":18,"malum:brilliant_deepslate":3,"supplementaries:sack":1,"create:cut_deepslate":2,"minecraft:tall_grass":6,"minecraft:copper_ore":28,"minecraft:cobblestone":9,"minecraft:deepslate_gold_ore":20,"minecraft:diorite":37,"minecraft:wall_torch":15,"minecraft:deepslate_copper_ore":8,"duneons:rottenapple":1,"supplementaries:urn":1,"quark:blossom_planks_stairs":2,"duneons:highlandfern":1,"duneons:creeperwoodstallgrass":1,"minecraft:grass":11,"mekanism:deepslate_tin_ore":4,"minecraft:oak_log":10,"minecraft:coal_ore":48,"mekanism:lead_ore":4,"quark:spruce_chest":1,"mekanism:deepslate_fluorite_ore":5,"minecraft:sand":28,"minecraft:dirt":159,"minecraft:smooth_basalt":1,"duneons:teapot":1,"duneons:dungeonscharreddirt":10,"minecraft:oak_leaves":15,"minecraft:deepslate":92,"soulsweapons:verglas_ore":1},"minecraft:custom":{"lootr:looted_stat":6,"minecraft:mob_kills":25,"minecraft:interact_with_crafting_table":39,"minecraft:open_barrel":23,"goblintraders:trade_with_goblin":137,"minecraft:damage_dealt_resisted":0,"minecraft:leave_game":3,"minecraft:time_since_death":2096,"minecraft:climb_one_cm":1099,"minecraft:damage_resisted":62,"minecraft:sprint_one_cm":114116,"minecraft:walk_one_cm":977878,"minecraft:drop":23,"minecraft:play_time":258272,"minecraft:sneak_time":4390,"minecraft:deaths":11,"minecraft:walk_under_water_one_cm":15403,"minecraft:jump":1699,"minecraft:walk_on_water_one_cm":34209,"minecraft:total_world_time":258272,"minecraft:interact_with_furnace":9,"tombstone:raider_killed":7,"minecraft:sleep_in_bed":7,"minecraft:time_since_rest":1447,"minecraft:damage_taken":3277,"minecraft:damage_dealt":4905,"minecraft:player_kills":1,"minecraft:swim_one_cm":17893,"minecraft:fly_one_cm":137662,"minecraft:open_chest":159,"minecraft:crouch_one_cm":7463,"tombstone:undead_killed":8,"minecraft:fall_one_cm":22804}},"DataVersion":3465}