{"stats":{"minecraft:broken":{"minecraft:wooden_axe":1,"minecraft:wooden_pickaxe":1},"minecraft:picked_up":{"minecraft:crafting_table":2,"minecraft:wooden_pickaxe":2,"minecraft:acacia_wood":4,"biomesoplenty:orange_autumn_sapling":1,"biomesoplenty:fir_log":1,"minecraft:oak_log":5,"create:andesite_alloy":1,"jeg:scrap":12,"minecraft:gunpowder":6,"minecraft:cobblestone_wall":20,"aquamirae:sharp_bones":1,"minecraft:lapis_lazuli":8,"minecraft:map":2,"minecraft:dirt":4,"minecraft:paper":8,"minecraft:lantern":1,"minecraft:raw_copper":36,"simplehats:sleepeyemask":1,"simplehats:hatbag_epic":1,"minecraft:bone":5,"minecraft:cyan_carpet":2,"minecraft:wheat_seeds":11,"minecraft:gold_nugget":3,"minecraft:spruce_planks":9,"minecraft:stripped_oak_wood":2,"jeg:tech_trash":1,"minecraft:egg":1,"minecraft:book":33,"biomesoplenty:toadstool":5,"apotheosis:gem":3,"simplehats:hatbag_common":1,"minecraft:pumpkin":1,"betterarcheology:artifact_shards":1,"simplehats:rainboworbiters":1,"minecraft:cyan_bed":5,"minecraft:carrot":7,"minecraft:redstone":7,"minecraft:mossy_cobblestone":2,"minecraft:leather_helmet":1,"minecraft:soul_lantern":2,"minecraft:carved_pumpkin":1,"minecraft:coal":8,"minecraft:cobblestone":71},"minecraft:mined":{"jeg:scrap_ore":6,"minecraft:mossy_cobblestone":2,"minecraft:carved_pumpkin":1,"minecraft:crafting_table":2,"minecraft:grass_block":1,"minecraft:copper_ore":10,"minecraft:tall_grass":6,"minecraft:cobblestone":2,"minecraft:cyan_bed":3,"minecraft:carrots":3,"biomesoplenty:toadstool":4,"minecraft:acacia_wood":6,"minecraft:stripped_spruce_log":1,"minecraft:pumpkin":1,"biomesoplenty:fir_log":1,"minecraft:grass":30,"minecraft:bookshelf":11,"minecraft:coal_ore":8,"minecraft:dirt":3,"minecraft:cyan_carpet":3,"betterarcheology:loot_vase":1,"minecraft:stone":69,"minecraft:oak_leaves":5,"minecraft:spruce_slab":1},"minecraft:crafted":{"minecraft:wooden_pickaxe":2,"minecraft:furnace":4,"iceandfire:armor_copper_metal_leggings":1,"minecraft:copper_ingot":31,"minecraft:air":0,"iceandfire:armor_copper_metal_boots":1,"quark:dark_oak_chest":4,"minecraft:wooden_hoe":1,"iceandfire:armor_copper_metal_chestplate":1,"minecraft:stone_pickaxe":1,"minecraft:stick":4,"minecraft:wooden_axe":1,"minecraft:iron_pickaxe":1,"useless_sword:copper_sword":1,"iceandfire:copper_pickaxe":1,"minecraft:acacia_planks":16,"minecraft:torch":4,"minecraft:dark_oak_planks":184},"minecraft:killed_by":{"minecraft:zombie":1},"minecraft:killed":{"minecraft:pillager":1},"minecraft:used":{"minecraft:stone_pickaxe":30,"minecraft:wooden_pickaxe":51,"aquaculture:capitaine":1,"aquaculture:tuna":1,"minecraft:dirt":4,"minecraft:crafting_table":2,"minecraft:oak_log":1,"minecraft:wooden_axe":8,"minecraft:lantern":1,"minecraft:cyan_bed":4,"minecraft:iron_pickaxe":31,"biomesoplenty:toadstool":4,"minecraft:soul_lantern":2,"quark:dark_oak_chest":4,"minecraft:cobblestone":12,"minecraft:furnace":4,"minecraft:egg":1,"biomesoplenty:fir_log":1,"minecraft:acacia_planks":4},"minecraft:custom":{"minecraft:interact_with_furnace":10,"lootr:looted_stat":5,"minecraft:mob_kills":1,"tombstone:raider_killed":1,"minecraft:interact_with_crafting_table":19,"minecraft:leave_game":1,"minecraft:time_since_death":15141,"minecraft:sleep_in_bed":5,"minecraft:climb_one_cm":373,"minecraft:time_since_rest":14840,"minecraft:sprint_one_cm":31094,"minecraft:damage_taken":699,"minecraft:walk_one_cm":361542,"minecraft:drop":17,"minecraft:damage_dealt":292,"minecraft:swim_one_cm":10804,"minecraft:talked_to_villager":2,"minecraft:fly_one_cm":17730,"minecraft:open_chest":36,"minecraft:crouch_one_cm":1746,"minecraft:play_time":86014,"minecraft:deaths":1,"minecraft:sneak_time":326,"minecraft:walk_under_water_one_cm":2623,"minecraft:jump":573,"minecraft:interact_with_brewingstand":2,"minecraft:walk_on_water_one_cm":7965,"minecraft:total_world_time":86014,"minecraft:fall_one_cm":8259},"minecraft:dropped":{"biomesoplenty:toadstool":1,"minecraft:wheat_seeds":5,"minecraft:oak_log":1,"minecraft:cobblestone_wall":20,"minecraft:leather_helmet":1,"minecraft:spruce_planks":9,"apotheosis:gem":3,"minecraft:map":2,"minecraft:gold_nugget":3,"minecraft:wooden_pickaxe":2,"minecraft:stripped_oak_wood":2,"aquamirae:sharp_bones":1,"minecraft:cyan_bed":1,"minecraft:bone":5}},"DataVersion":3465}