{"stats":{"minecraft:killed":{"treasure2:bound_soul":1},"minecraft:picked_up":{"minecraft:stick":7,"minecraft:crafting_table":1,"minecraft:torch":6,"minecraft:oak_log":24,"minecraft:rotten_flesh":1,"minecraft:apple":1,"minecraft:wheat_seeds":1,"minecraft:oak_sapling":11,"minecraft:egg":1},"minecraft:mined":{"duneons:bigferncreeperwoods":1,"treechop:chopped_log":13,"minecraft:crafting_table":1,"duneons:creeperwoodstallgrass":1,"minecraft:torch":1,"minecraft:grass":6,"minecraft:oak_log":10,"duneons:melondirt":1,"minecraft:oak_leaves":7,"minecraft:wall_torch":5},"minecraft:custom":{"minecraft:time_since_rest":835,"minecraft:sprint_one_cm":4952,"minecraft:damage_taken":300,"minecraft:walk_one_cm":68090,"minecraft:mob_kills":1,"minecraft:damage_dealt":239,"minecraft:swim_one_cm":1204,"minecraft:interact_with_crafting_table":1,"minecraft:fly_one_cm":13392,"minecraft:crouch_one_cm":542,"minecraft:play_time":23044,"tombstone:undead_killed":1,"minecraft:deaths":1,"minecraft:sneak_time":447,"minecraft:walk_under_water_one_cm":240,"minecraft:jump":109,"minecraft:time_since_death":1106,"minecraft:walk_on_water_one_cm":328,"minecraft:sleep_in_bed":1,"minecraft:climb_one_cm":695,"minecraft:total_world_time":23044,"minecraft:fall_one_cm":2533},"minecraft:crafted":{"minecraft:oak_planks":24,"minecraft:crafting_table":1,"minecraft:stick":4,"minecraft:wooden_pickaxe":1,"minecraft:wooden_axe":1},"minecraft:used":{"minecraft:wooden_axe":42,"minecraft:torch":2,"minecraft:crafting_table":1},"minecraft:killed_by":{"minecraft:pillager":1}},"DataVersion":3465}