{"stats":{"minecraft:killed_by":{"duneons:squallgolem":1,"minecraft:pillager":1,"unearthed_journey:reem":4,"duneons:mountaineer":1},"minecraft:dropped":{"minecraft:dirt":98,"minecraft:oak_sapling":11},"minecraft:picked_up":{"minecraft:crafting_table":2,"minecraft:oak_log":24,"duneons:rottenapple":1,"minecraft:dirt":171,"minecraft:red_bed":2,"minecraft:apple":1,"minecraft:wheat_seeds":1,"unearthed_journey:repeater_bow":1,"minecraft:egg":1,"minecraft:stick":7,"minecraft:torch":12,"minecraft:white_bed":1,"unearthed_journey:timeless_quaternary_lantern":1,"duneons:teapot":1,"minecraft:rotten_flesh":1,"soulsweapons:verglas":1,"minecraft:oak_sapling":11,"minecraft:cobblestone":71},"minecraft:killed":{"treasure2:bound_soul":1,"duneons:mountaineer":5,"unearthed_journey:reem":1},"minecraft:crafted":{"minecraft:oak_planks":24,"minecraft:crafting_table":1,"minecraft:wooden_pickaxe":1,"minecraft:stone_axe":1,"minecraft:stick":4,"minecraft:stone_pickaxe":1,"minecraft:wooden_axe":1,"minecraft:stone_sword":1},"minecraft:used":{"minecraft:golden_boots":1,"minecraft:stone_sword":25,"minecraft:stone_pickaxe":66,"minecraft:wooden_pickaxe":8,"minecraft:leather_chestplate":1,"minecraft:torch":6,"minecraft:dirt":12,"duneons:teapot":1,"minecraft:crafting_table":2,"minecraft:red_bed":1,"minecraft:white_bed":1,"minecraft:wooden_axe":45,"minecraft:iron_pickaxe":1,"minecraft:golden_leggings":1,"minecraft:golden_helmet":1,"minecraft:stone_axe":5,"duneons:rottenapple":1,"tombstone:gift":1},"minecraft:mined":{"minecraft:white_bed":1,"minecraft:red_bed":2,"duneons:bigferncreeperwoods":1,"minecraft:crafting_table":2,"minecraft:torch":3,"minecraft:grass_block":30,"minecraft:decorated_pot":1,"duneons:highlandtallgrass":1,"minecraft:tall_grass":6,"minecraft:wall_torch":8,"duneons:rottenapple":1,"dynamictrees:oak_leaves":4,"treechop:chopped_log":13,"duneons:highlandfern":1,"duneons:creeperwoodstallgrass":1,"minecraft:grass":9,"minecraft:oak_log":10,"duneons:melondirt":1,"minecraft:dirt":150,"duneons:teapot":1,"minecraft:stone":71,"minecraft:oak_leaves":15,"soulsweapons:verglas_ore":1},"minecraft:custom":{"lootr:looted_stat":1,"minecraft:mob_kills":8,"minecraft:interact_with_crafting_table":5,"minecraft:open_barrel":6,"minecraft:leave_game":1,"minecraft:time_since_death":10665,"minecraft:sleep_in_bed":3,"minecraft:climb_one_cm":723,"minecraft:time_since_rest":10352,"minecraft:sprint_one_cm":60702,"minecraft:damage_taken":2051,"minecraft:walk_one_cm":412048,"minecraft:drop":4,"minecraft:damage_dealt":1665,"minecraft:swim_one_cm":2454,"minecraft:fly_one_cm":82251,"minecraft:open_chest":5,"minecraft:crouch_one_cm":3263,"minecraft:play_time":79331,"tombstone:undead_killed":1,"minecraft:deaths":7,"minecraft:sneak_time":1412,"minecraft:walk_under_water_one_cm":4218,"minecraft:jump":731,"minecraft:walk_on_water_one_cm":3113,"minecraft:total_world_time":79331,"minecraft:fall_one_cm":9690}},"DataVersion":3465}