{"stats":{"minecraft:killed_by":{"unearthed_journey:reem":4,"minecraft:pillager":1},"minecraft:picked_up":{"minecraft:crafting_table":2,"minecraft:stick":7,"minecraft:torch":11,"minecraft:oak_log":24,"duneons:rottenapple":1,"minecraft:white_bed":1,"unearthed_journey:timeless_quaternary_lantern":1,"minecraft:dirt":12,"duneons:teapot":1,"minecraft:rotten_flesh":1,"minecraft:apple":1,"minecraft:wheat_seeds":1,"minecraft:oak_sapling":11,"unearthed_journey:repeater_bow":1,"minecraft:cobblestone":70,"minecraft:egg":1},"minecraft:killed":{"treasure2:bound_soul":1,"unearthed_journey:reem":1,"duneons:mountaineer":1},"minecraft:crafted":{"minecraft:oak_planks":24,"minecraft:crafting_table":1,"minecraft:stick":4,"minecraft:wooden_pickaxe":1,"minecraft:stone_pickaxe":1,"minecraft:wooden_axe":1,"minecraft:stone_sword":1,"minecraft:stone_axe":1},"minecraft:used":{"minecraft:wooden_axe":45,"minecraft:stone_sword":12,"minecraft:stone_pickaxe":62,"minecraft:wooden_pickaxe":8,"minecraft:torch":6,"duneons:rottenapple":1,"minecraft:stone_axe":1,"duneons:teapot":1,"minecraft:crafting_table":2,"minecraft:white_bed":1,"tombstone:gift":1},"minecraft:mined":{"duneons:rottenapple":1,"dynamictrees:oak_leaves":4,"minecraft:white_bed":1,"duneons:bigferncreeperwoods":1,"treechop:chopped_log":13,"minecraft:crafting_table":2,"duneons:creeperwoodstallgrass":1,"minecraft:torch":3,"minecraft:grass":9,"minecraft:grass_block":7,"minecraft:oak_log":10,"duneons:melondirt":1,"minecraft:dirt":13,"minecraft:tall_grass":6,"duneons:teapot":1,"minecraft:stone":70,"minecraft:oak_leaves":8,"minecraft:wall_torch":8},"minecraft:custom":{"minecraft:time_since_rest":1051,"minecraft:sprint_one_cm":48477,"minecraft:damage_taken":1365,"minecraft:walk_one_cm":213219,"minecraft:mob_kills":3,"minecraft:damage_dealt":898,"minecraft:swim_one_cm":1204,"minecraft:interact_with_crafting_table":5,"minecraft:fly_one_cm":66436,"minecraft:open_barrel":1,"minecraft:crouch_one_cm":2106,"minecraft:play_time":55331,"tombstone:undead_killed":1,"minecraft:deaths":5,"minecraft:sneak_time":823,"minecraft:walk_under_water_one_cm":1984,"minecraft:jump":434,"minecraft:leave_game":1,"minecraft:time_since_death":1250,"minecraft:walk_on_water_one_cm":1587,"minecraft:sleep_in_bed":3,"minecraft:total_world_time":55331,"minecraft:climb_one_cm":723,"minecraft:fall_one_cm":5642}},"DataVersion":3465}