{"stats":{"minecraft:killed_by":{"duneons:squallgolem":1,"minecraft:zombie":1,"minecraft:pillager":1,"unearthed_journey:reem":4,"duneons:mountaineer":1},"minecraft:dropped":{"minecraft:oak_log":19,"minecraft:oak_planks":48,"minecraft:dirt":98,"minecraft:oak_sapling":11},"minecraft:picked_up":{"create:brown_seat":2,"duneons:dungeonscharreddirt":10,"minecraft:crafting_table":2,"mekanism:raw_lead":4,"minecraft:andesite":44,"create:raw_zinc":9,"minecraft:oak_log":43,"duneons:rottenapple":1,"minecraft:raw_copper":6,"minecraft:dark_oak_trapdoor":4,"minecraft:dirt":186,"minecraft:red_bed":2,"duneons:ashblock":14,"minecraft:apple":1,"quark:spruce_chest":1,"minecraft:wheat_seeds":1,"minecraft:candle":4,"minecraft:raw_gold":5,"minecraft:spruce_slab":1,"unearthed_journey:repeater_bow":1,"minecraft:oak_planks":48,"minecraft:spruce_trapdoor":2,"minecraft:egg":1,"minecraft:book":9,"minecraft:raw_iron":31,"minecraft:stick":7,"duneons:dungeonscharredcobblestone":1,"supplementaries:sack":1,"minecraft:torch":21,"minecraft:sand":1,"minecraft:redstone":33,"quark:blossom_planks_slab":1,"mekanism:raw_tin":18,"minecraft:diorite":16,"quark:blossom_trapdoor":2,"minecraft:white_bed":1,"alexsmobs:bison_carpet":3,"unearthed_journey:timeless_quaternary_lantern":1,"duneons:teapot":1,"minecraft:rotten_flesh":1,"quark:blossom_planks_stairs":2,"minecraft:granite":19,"soulsweapons:verglas":1,"minecraft:oak_sapling":11,"minecraft:coal":48,"minecraft:cod":1,"iceandfire:raw_silver":2,"minecraft:cobblestone":301},"minecraft:killed":{"treasure2:bound_soul":1,"minecraft:cod":1,"duneons:mountaineer":5,"unearthed_journey:reem":1},"minecraft:crafted":{"minecraft:oak_planks":96,"minecraft:emerald":7,"minecraft:crafting_table":2,"minecraft:wooden_pickaxe":1,"minecraft:copper_ingot":12,"minecraft:stone_axe":1,"minecraft:air":0,"minecraft:gold_ingot":6,"minecraft:iron_ingot":60,"minecraft:stick":16,"quark:oak_chest":3,"minecraft:chest":2,"minecraft:stone_pickaxe":7,"minecraft:wooden_axe":1,"minecraft:stone_sword":1},"minecraft:used":{"minecraft:golden_boots":1,"minecraft:diorite":11,"minecraft:stone_sword":25,"minecraft:stone_pickaxe":495,"minecraft:chest":2,"minecraft:wooden_pickaxe":8,"minecraft:leather_chestplate":1,"minecraft:torch":24,"anthropology_items__structures:hunters_machete":5,"minecraft:dirt":17,"duneons:teapot":1,"minecraft:crafting_table":3,"minecraft:red_bed":2,"minecraft:cod_bucket":1,"minecraft:white_bed":1,"minecraft:granite":10,"minecraft:wooden_axe":45,"minecraft:iron_pickaxe":38,"minecraft:golden_leggings":1,"minecraft:golden_helmet":1,"minecraft:stone_axe":25,"duneons:rottenapple":1,"minecraft:cobblestone":14,"minecraft:andesite":29,"minecraft:bucket":1,"quark:oak_chest":2,"tombstone:gift":1,"minecraft:pumpkin_pie":1},"minecraft:broken":{"minecraft:stone_pickaxe":3},"minecraft:mined":{"minecraft:deepslate_redstone_ore":8,"alexsmobs:bison_carpet":3,"create:deepslate_zinc_ore":9,"minecraft:white_bed":1,"iceandfire:silver_ore":2,"minecraft:red_bed":2,"minecraft:candle":1,"duneons:ashblock":14,"duneons:bigferncreeperwoods":1,"create:brown_seat":2,"duneons:charredstone":1,"quark:spruce_bookshelf":3,"minecraft:spruce_trapdoor":2,"minecraft:crafting_table":2,"minecraft:torch":4,"minecraft:granite":19,"minecraft:grass_block":36,"minecraft:decorated_pot":1,"duneons:highlandtallgrass":1,"mekanism:tin_ore":18,"supplementaries:sack":1,"minecraft:tall_grass":6,"minecraft:deepslate_gold_ore":5,"minecraft:diorite":16,"minecraft:wall_torch":13,"minecraft:deepslate_copper_ore":3,"duneons:rottenapple":1,"dynamictrees:oak_leaves":4,"quark:blossom_planks_stairs":2,"minecraft:dark_oak_trapdoor":4,"minecraft:iron_ore":19,"minecraft:vine":1,"minecraft:deepslate_iron_ore":12,"minecraft:andesite":44,"treechop:chopped_log":13,"duneons:highlandfern":1,"duneons:creeperwoodstallgrass":1,"minecraft:grass":9,"minecraft:coal_ore":48,"minecraft:oak_log":10,"mekanism:lead_ore":4,"duneons:melondirt":1,"quark:spruce_chest":1,"minecraft:sand":1,"quark:blossom_trapdoor":2,"minecraft:dirt":159,"duneons:teapot":1,"duneons:dungeonscharreddirt":10,"minecraft:stone":301,"quark:blossom_planks_slab":1,"minecraft:oak_leaves":15,"minecraft:spruce_slab":1,"soulsweapons:verglas_ore":1},"minecraft:custom":{"lootr:looted_stat":6,"minecraft:mob_kills":9,"minecraft:interact_with_crafting_table":11,"minecraft:open_barrel":23,"goblintraders:trade_with_goblin":45,"minecraft:leave_game":1,"minecraft:time_since_death":1502,"minecraft:sleep_in_bed":4,"minecraft:climb_one_cm":1007,"minecraft:damage_resisted":11,"minecraft:time_since_rest":255,"minecraft:sprint_one_cm":68985,"minecraft:damage_taken":2266,"minecraft:walk_one_cm":614219,"minecraft:drop":8,"minecraft:damage_dealt":1842,"minecraft:swim_one_cm":10067,"minecraft:fly_one_cm":90996,"minecraft:open_chest":43,"minecraft:crouch_one_cm":4832,"minecraft:play_time":127331,"tombstone:undead_killed":1,"minecraft:deaths":8,"minecraft:sneak_time":2599,"minecraft:walk_under_water_one_cm":5663,"minecraft:jump":1037,"minecraft:walk_on_water_one_cm":13523,"minecraft:total_world_time":127331,"minecraft:fall_one_cm":13826}},"DataVersion":3465}