{"stats":{"minecraft:broken":{"minecraft:wooden_axe":1},"minecraft:picked_up":{"minecraft:crafting_table":2,"minecraft:wooden_pickaxe":2,"minecraft:acacia_wood":4,"biomesoplenty:orange_autumn_sapling":1,"biomesoplenty:fir_log":1,"minecraft:oak_log":5,"create:andesite_alloy":1,"minecraft:gunpowder":6,"minecraft:cobblestone_wall":20,"aquamirae:sharp_bones":1,"minecraft:lapis_lazuli":8,"minecraft:map":2,"minecraft:dirt":4,"minecraft:paper":8,"minecraft:lantern":1,"minecraft:bone":5,"minecraft:cyan_carpet":2,"minecraft:gold_nugget":3,"minecraft:spruce_planks":9,"minecraft:stripped_oak_wood":2,"minecraft:egg":1,"minecraft:book":33,"biomesoplenty:toadstool":5,"minecraft:pumpkin":1,"betterarcheology:artifact_shards":1,"minecraft:cyan_bed":5,"minecraft:carrot":7,"minecraft:redstone":7,"minecraft:leather_helmet":1,"minecraft:soul_lantern":2,"minecraft:carved_pumpkin":1,"minecraft:cobblestone":33},"minecraft:mined":{"minecraft:carved_pumpkin":1,"minecraft:crafting_table":2,"minecraft:grass_block":1,"minecraft:cyan_bed":3,"minecraft:carrots":3,"biomesoplenty:toadstool":4,"minecraft:acacia_wood":6,"minecraft:stripped_spruce_log":1,"minecraft:pumpkin":1,"biomesoplenty:fir_log":1,"minecraft:bookshelf":11,"minecraft:dirt":3,"minecraft:cyan_carpet":3,"betterarcheology:loot_vase":1,"minecraft:stone":33,"minecraft:oak_leaves":5,"minecraft:spruce_slab":1},"minecraft:crafted":{"minecraft:wooden_pickaxe":1,"minecraft:acacia_planks":16},"minecraft:used":{"minecraft:wooden_pickaxe":33,"aquaculture:capitaine":1,"aquaculture:tuna":1,"minecraft:dirt":4,"minecraft:crafting_table":1,"minecraft:oak_log":1,"minecraft:wooden_axe":8,"minecraft:lantern":1,"minecraft:cyan_bed":3,"biomesoplenty:toadstool":4,"minecraft:soul_lantern":2,"minecraft:cobblestone":11,"minecraft:egg":1,"biomesoplenty:fir_log":1,"minecraft:acacia_planks":3},"minecraft:custom":{"lootr:looted_stat":4,"minecraft:interact_with_crafting_table":1,"minecraft:leave_game":1,"minecraft:time_since_death":38014,"minecraft:sleep_in_bed":2,"minecraft:time_since_rest":5820,"minecraft:sprint_one_cm":29814,"minecraft:damage_taken":282,"minecraft:walk_one_cm":263054,"minecraft:drop":12,"minecraft:damage_dealt":6,"minecraft:swim_one_cm":10804,"minecraft:talked_to_villager":2,"minecraft:fly_one_cm":15926,"minecraft:crouch_one_cm":1235,"minecraft:play_time":38014,"minecraft:sneak_time":216,"minecraft:walk_under_water_one_cm":2022,"minecraft:jump":406,"minecraft:interact_with_brewingstand":2,"minecraft:walk_on_water_one_cm":5729,"minecraft:total_world_time":38014,"minecraft:fall_one_cm":6409},"minecraft:dropped":{"biomesoplenty:toadstool":1,"minecraft:oak_log":1,"minecraft:cobblestone_wall":20,"minecraft:leather_helmet":1,"minecraft:spruce_planks":9,"minecraft:map":2,"minecraft:wooden_pickaxe":2,"minecraft:stripped_oak_wood":2,"aquamirae:sharp_bones":1,"minecraft:cyan_bed":1,"minecraft:bone":5}},"DataVersion":3465}