{"stats":{"minecraft:picked_up":{"minecraft:pumpkin":1,"minecraft:gold_nugget":3,"betterarcheology:artifact_shards":1,"minecraft:acacia_wood":4,"minecraft:carved_pumpkin":1,"minecraft:cyan_bed":1,"minecraft:carrot":7,"minecraft:redstone":7,"aquamirae:sharp_bones":1,"minecraft:lapis_lazuli":8,"minecraft:dirt":4,"minecraft:egg":1},"minecraft:mined":{"minecraft:grass_block":1,"minecraft:carrots":3,"minecraft:dirt":3,"minecraft:acacia_wood":6,"betterarcheology:loot_vase":1,"minecraft:pumpkin":1,"minecraft:carved_pumpkin":1},"minecraft:crafted":{"minecraft:acacia_planks":16},"minecraft:used":{"minecraft:dirt":4,"minecraft:egg":1},"minecraft:custom":{"minecraft:time_since_rest":14017,"minecraft:play_time":14017,"minecraft:crouch_one_cm":890,"lootr:looted_stat":3,"minecraft:sprint_one_cm":2571,"minecraft:damage_taken":73,"minecraft:walk_one_cm":118647,"minecraft:sneak_time":147,"minecraft:walk_under_water_one_cm":1529,"minecraft:drop":1,"minecraft:jump":179,"minecraft:interact_with_brewingstand":2,"minecraft:damage_dealt":6,"minecraft:leave_game":1,"minecraft:time_since_death":14017,"minecraft:walk_on_water_one_cm":1831,"minecraft:total_world_time":14017,"minecraft:swim_one_cm":1647,"minecraft:fall_one_cm":3747,"minecraft:talked_to_villager":2,"minecraft:fly_one_cm":3766},"minecraft:dropped":{"aquamirae:sharp_bones":1}},"DataVersion":3465}