{"stats":{"minecraft:picked_up":{"biomesoplenty:toadstool":4,"minecraft:crafting_table":1,"minecraft:pumpkin":1,"biomesoplenty:orange_autumn_sapling":1,"minecraft:wooden_pickaxe":2,"betterarcheology:artifact_shards":1,"minecraft:acacia_wood":4,"biomesoplenty:fir_log":1,"minecraft:oak_log":5,"create:andesite_alloy":1,"minecraft:leather_helmet":1,"minecraft:cobblestone_wall":20,"minecraft:gunpowder":6,"minecraft:paper":8,"minecraft:map":2,"minecraft:carrot":7,"minecraft:cyan_bed":3,"minecraft:redstone":7,"minecraft:lapis_lazuli":8,"aquamirae:sharp_bones":1,"minecraft:dirt":4,"minecraft:bone":5,"minecraft:gold_nugget":3,"minecraft:spruce_planks":9,"minecraft:carved_pumpkin":1,"minecraft:stripped_oak_wood":2,"minecraft:egg":1},"minecraft:mined":{"minecraft:carrots":3,"biomesoplenty:toadstool":4,"minecraft:acacia_wood":6,"biomesoplenty:fir_log":1,"minecraft:crafting_table":1,"minecraft:pumpkin":1,"minecraft:carved_pumpkin":1,"minecraft:grass_block":1,"minecraft:dirt":3,"betterarcheology:loot_vase":1,"minecraft:cyan_bed":1,"minecraft:oak_leaves":5},"minecraft:crafted":{"minecraft:acacia_planks":16},"minecraft:used":{"minecraft:oak_log":1,"minecraft:wooden_axe":3,"minecraft:cyan_bed":1,"aquaculture:capitaine":1,"aquaculture:tuna":1,"biomesoplenty:toadstool":4,"minecraft:dirt":4,"minecraft:egg":1,"biomesoplenty:fir_log":1},"minecraft:custom":{"minecraft:time_since_rest":6480,"lootr:looted_stat":3,"minecraft:sprint_one_cm":4853,"minecraft:damage_taken":149,"minecraft:walk_one_cm":183692,"minecraft:drop":11,"minecraft:damage_dealt":6,"minecraft:swim_one_cm":1647,"minecraft:talked_to_villager":2,"minecraft:fly_one_cm":7144,"minecraft:crouch_one_cm":890,"minecraft:play_time":26014,"minecraft:sneak_time":152,"minecraft:walk_under_water_one_cm":1529,"minecraft:jump":276,"minecraft:interact_with_brewingstand":2,"minecraft:leave_game":1,"minecraft:walk_on_water_one_cm":1831,"minecraft:time_since_death":26014,"minecraft:sleep_in_bed":1,"minecraft:total_world_time":26014,"minecraft:fall_one_cm":4223},"minecraft:dropped":{"minecraft:oak_log":1,"minecraft:cobblestone_wall":20,"minecraft:spruce_planks":9,"minecraft:map":2,"minecraft:wooden_pickaxe":2,"minecraft:stripped_oak_wood":2,"aquamirae:sharp_bones":1,"minecraft:cyan_bed":1,"minecraft:leather_helmet":1,"minecraft:bone":5}},"DataVersion":3465}