{"stats":{"minecraft:killed":{"treasure2:bound_soul":1,"duneons:mountaineer":1},"minecraft:picked_up":{"minecraft:stick":7,"minecraft:crafting_table":1,"minecraft:torch":11,"minecraft:oak_log":24,"duneons:rottenapple":1,"minecraft:dirt":12,"duneons:teapot":1,"minecraft:rotten_flesh":1,"minecraft:apple":1,"minecraft:wheat_seeds":1,"minecraft:oak_sapling":11,"minecraft:cobblestone":8,"minecraft:egg":1},"minecraft:custom":{"minecraft:time_since_rest":5837,"minecraft:sprint_one_cm":21580,"minecraft:damage_taken":660,"minecraft:walk_one_cm":145434,"minecraft:mob_kills":2,"minecraft:damage_dealt":408,"minecraft:swim_one_cm":1204,"minecraft:interact_with_crafting_table":1,"minecraft:fly_one_cm":33082,"minecraft:crouch_one_cm":1346,"minecraft:play_time":35044,"tombstone:undead_killed":1,"minecraft:deaths":2,"minecraft:sneak_time":612,"minecraft:walk_under_water_one_cm":1984,"minecraft:jump":253,"minecraft:time_since_death":7961,"minecraft:walk_on_water_one_cm":1311,"minecraft:sleep_in_bed":2,"minecraft:climb_one_cm":723,"minecraft:total_world_time":35044,"minecraft:fall_one_cm":3432},"minecraft:mined":{"duneons:rottenapple":1,"dynamictrees:oak_leaves":2,"duneons:bigferncreeperwoods":1,"treechop:chopped_log":13,"minecraft:crafting_table":1,"duneons:creeperwoodstallgrass":1,"minecraft:torch":3,"minecraft:grass":9,"minecraft:grass_block":7,"minecraft:oak_log":10,"duneons:melondirt":1,"minecraft:dirt":13,"minecraft:tall_grass":6,"duneons:teapot":1,"minecraft:stone":8,"minecraft:oak_leaves":7,"minecraft:wall_torch":8},"minecraft:crafted":{"minecraft:oak_planks":24,"minecraft:crafting_table":1,"minecraft:stick":4,"minecraft:wooden_pickaxe":1,"minecraft:wooden_axe":1},"minecraft:used":{"minecraft:wooden_axe":45,"minecraft:wooden_pickaxe":8,"duneons:rottenapple":1,"minecraft:torch":5,"duneons:teapot":1,"minecraft:crafting_table":1,"tombstone:gift":1},"minecraft:killed_by":{"unearthed_journey:reem":1,"minecraft:pillager":1}},"DataVersion":3465}