{"stats":{"minecraft:crafted":{"minecraft:oak_planks":104,"soulsweapons:guts_sword":1,"securitycraft:keypad_item":1,"quark:deepslate_furnace":1,"minecraft:heavy_weighted_pressure_plate":1,"minecraft:raw_copper_block":7,"minecraft:glass_pane":16,"securitycraft:laser_block":1,"minecraft:glass":12,"minecraft:iron_boots":1,"minecraft:stone_pickaxe":7,"minecraft:chest":2,"minecraft:copper_block":7,"minecraft:redstone_block":8,"minecraft:raw_iron_block":7,"ironchest:wood_to_iron_chest_upgrade":2,"minecraft:emerald":7,"minecraft:crafting_table":2,"securitycraft:reinforced_stone_button":8,"minecraft:wooden_pickaxe":1,"minecraft:raw_gold_block":4,"minecraft:golden_pickaxe":2,"minecraft:copper_ingot":120,"minecraft:stone_axe":1,"minecraft:air":0,"securitycraft:reinforced_stone":20,"minecraft:diamond_pickaxe":1,"minecraft:stick":28,"quark:oak_chest":3,"minecraft:iron_ingot":120,"minecraft:iron_pickaxe":1,"minecraft:wooden_axe":1,"minecraft:iron_block":7,"minecraft:stone_sword":1,"minecraft:gold_ingot":30,"minecraft:torch":8,"securitycraft:universal_block_reinforcer_lvl1":1},"minecraft:killed":{"bloodandmadness:cloaked_beast_patient":1,"duneons:vindicatorvariant":7,"minecraft:cod":1,"minecraft:skeleton":1,"treasure2:bound_soul":1,"duneons:keygolem":1,"goblins_tyranny:iron_cave_goblin":1,"duneons:mountaineer":5,"minecraft:zombie":6,"goblins_tyranny:coal_cave_goblin":1,"unearthed_journey:reem":1},"minecraft:killed_by":{"duneons:squallgolem":1,"minecraft:pillager":1,"minecraft:drowned":1,"unearthed_journey:reem":4,"minecraft:skeleton":2,"minecraft:zombie":2,"duneons:mountaineer":1},"minecraft:custom":{"lootr:looted_stat":8,"minecraft:mob_kills":28,"minecraft:interact_with_crafting_table":45,"minecraft:open_barrel":27,"goblintraders:trade_with_goblin":137,"minecraft:damage_dealt_resisted":0,"minecraft:leave_game":6,"minecraft:time_since_death":81897,"minecraft:climb_one_cm":1788,"minecraft:damage_resisted":82,"minecraft:sprint_one_cm":118272,"minecraft:walk_one_cm":1119624,"minecraft:drop":23,"minecraft:play_time":340466,"minecraft:sneak_time":4785,"minecraft:deaths":12,"minecraft:walk_under_water_one_cm":16958,"minecraft:jump":1950,"minecraft:walk_on_water_one_cm":38152,"minecraft:total_world_time":340466,"minecraft:interact_with_furnace":11,"tombstone:raider_killed":7,"minecraft:sleep_in_bed":8,"minecraft:time_since_rest":79953,"minecraft:damage_taken":3661,"minecraft:damage_dealt":5773,"minecraft:player_kills":1,"minecraft:swim_one_cm":23809,"minecraft:fly_one_cm":154170,"minecraft:open_chest":189,"minecraft:crouch_one_cm":8148,"tombstone:undead_killed":8,"minecraft:fall_one_cm":25935},"minecraft:broken":{"minecraft:stone_pickaxe":4,"minecraft:iron_pickaxe":1,"minecraft:golden_pickaxe":2},"minecraft:dropped":{"minecraft:oak_log":19,"minecraft:iron_helmet":1,"minecraft:cobblestone":3,"minecraft:dirt":98,"minecraft:iron_axe":1,"minecraft:bone":2,"minecraft:stone_axe":1,"minecraft:stone_sword":1,"minecraft:cobbled_deepslate":8,"minecraft:oak_planks":48,"minecraft:chainmail_chestplate":1,"supplementaries:flax_seeds":1,"bloodandmadness:sanguisteel_nugget":1,"minecraft:golden_leggings":1,"minecraft:oak_sapling":11,"minecraft:stone_pickaxe":4},"minecraft:picked_up":{"minecraft:crafting_table":2,"securitycraft:keypad_item":2,"treasure2:topaz":1,"soulsweapons:moonstone":11,"supplementaries:ash_bricks":1,"minecraft:red_bed":8,"minecraft:dark_oak_trapdoor":4,"duneons:ashblock":14,"minecraft:raw_copper":126,"quark:spruce_chest":1,"minecraft:candle":4,"minecraft:cobbled_deepslate":262,"minecraft:spruce_slab":2,"unearthed_journey:repeater_bow":1,"minecraft:spruce_trapdoor":2,"minecraft:egg":1,"minecraft:stick":7,"minecraft:raw_iron":123,"securitycraft:reinforced_cobblestone":20,"simplehats:hatbag_common":1,"simplehats:bigbrain":1,"minecraft:torch":26,"quark:blossom_planks_slab":1,"tombstone:grave_dust":1,"minecraft:diorite":37,"minecraft:redstone":100,"unearthed_journey:timeless_quaternary_lantern":1,"mekanism:raw_tin":22,"minecraft:rotten_flesh":4,"malum:natural_quartz":70,"bloodandmadness:sanguisteel_nugget":3,"minecraft:cod":1,"minecraft:cobblestone":320,"create:brown_seat":2,"duneons:dungeonscharreddirt":10,"mekanism:raw_lead":11,"minecraft:andesite":44,"malum:cluster_of_brilliance":3,"minecraft:potato":1,"minecraft:flint":4,"create:raw_zinc":52,"minecraft:oak_log":43,"supplementaries:flax_seeds":2,"duneons:rottenapple":1,"malum:cthonic_gold_fragment":22,"minecraft:lapis_lazuli":39,"minecraft:dirt":186,"mekanism:salt":132,"minecraft:bone":2,"minecraft:apple":1,"minecraft:wheat_seeds":1,"minecraft:raw_gold":59,"minecraft:stone_pickaxe":1,"create:cut_deepslate":2,"duneons:keydiamond":1,"minecraft:oak_planks":48,"minecraft:book":9,"duneons:dungeonscharredcobblestone":1,"supplementaries:sack":2,"minecraft:raw_iron_block":7,"minecraft:gravel":3,"duneons:dungeonscharredcobblestoneslab":3,"minecraft:sand":28,"minecraft:white_bed":1,"quark:blossom_trapdoor":2,"mekanism:raw_osmium":5,"alexsmobs:bison_carpet":3,"duneons:teapot":1,"quark:blossom_planks_stairs":2,"minecraft:diamond":34,"minecraft:granite":40,"mekanism:fluorite_gem":16,"soulsweapons:verglas":1,"tombstone:magic_scroll":1,"minecraft:oak_sapling":11,"minecraft:coal":54,"iceandfire:raw_silver":2},"minecraft:used":{"ironchest:wood_to_iron_chest_upgrade":2,"minecraft:stone_sword":25,"minecraft:spruce_slab":2,"minecraft:chest":2,"minecraft:torch":34,"minecraft:dirt":17,"duneons:teapot":1,"securitycraft:keypad_item":3,"duneons:dungeonscharredcobblestoneslab":3,"minecraft:cod_bucket":1,"minecraft:granite":11,"minecraft:wooden_axe":45,"quark:deepslate_furnace":1,"soulsweapons:guts_sword":48,"tombstone:gift":2,"minecraft:potato":2,"minecraft:cobbled_deepslate":36,"minecraft:golden_boots":1,"minecraft:water_bucket":13,"minecraft:diorite":16,"supplementaries:sack":1,"minecraft:stone_pickaxe":795,"minecraft:oak_planks":2,"minecraft:wooden_pickaxe":8,"minecraft:leather_chestplate":1,"create:cut_deepslate":2,"minecraft:cookie":2,"anthropology_items__structures:hunters_machete":46,"supplementaries:ash_bricks":1,"minecraft:crafting_table":3,"minecraft:red_bed":8,"minecraft:white_bed":1,"minecraft:iron_pickaxe":394,"duneons:rottenapple":1,"minecraft:golden_helmet":1,"minecraft:gravel":3,"minecraft:golden_leggings":1,"minecraft:stone_axe":25,"minecraft:cobblestone":47,"minecraft:andesite":30,"minecraft:bucket":14,"minecraft:pumpkin_pie":1,"quark:oak_chest":2,"minecraft:golden_pickaxe":64,"malum:encyclopedia_arcana":1},"minecraft:mined":{"minecraft:dark_oak_planks":2,"create:deepslate_zinc_ore":52,"minecraft:tuff":3,"minecraft:white_bed":1,"iceandfire:silver_ore":2,"minecraft:deepslate_diamond_ore":29,"minecraft:candle":1,"duneons:ashblock":14,"duneons:bigferncreeperwoods":1,"create:brown_seat":2,"duneons:charredstone":1,"mekanism:deepslate_osmium_ore":3,"minecraft:spruce_trapdoor":2,"minecraft:granite":40,"supplementaries:ash_bricks":1,"minecraft:grass_block":36,"minecraft:decorated_pot":1,"duneons:highlandtallgrass":1,"treasure2:deepslate_topaz_ore":1,"dynamictrees:oak_leaves":4,"minecraft:raw_iron_block":7,"minecraft:dark_oak_trapdoor":4,"minecraft:iron_ore":29,"malum:natural_quartz_ore":63,"minecraft:andesite":44,"treechop:chopped_log":13,"minecraft:deepslate_lapis_ore":6,"soulsweapons:moonstone_ore_deepslate":9,"minecraft:vine":1,"minecraft:deepslate_iron_ore":91,"duneons:melondirt":1,"quark:blossom_trapdoor":2,"minecraft:stone":311,"quark:blossom_planks_slab":1,"minecraft:spruce_slab":2,"mekanism:deepslate_lead_ore":7,"alexsmobs:bison_carpet":3,"minecraft:deepslate_redstone_ore":20,"mekanism:osmium_ore":2,"minecraft:red_bed":8,"malum:cthonic_gold_ore":6,"mekanism:block_salt":33,"quark:spruce_bookshelf":3,"minecraft:crafting_table":2,"soulsweapons:moonstone_ore":2,"minecraft:torch":4,"mekanism:tin_ore":18,"malum:brilliant_deepslate":3,"supplementaries:sack":2,"create:cut_deepslate":2,"minecraft:copper_ore":28,"minecraft:tall_grass":6,"minecraft:cobblestone":9,"minecraft:deepslate_gold_ore":43,"minecraft:diorite":37,"minecraft:wall_torch":18,"minecraft:deepslate_copper_ore":8,"duneons:rottenapple":1,"supplementaries:urn":1,"quark:blossom_planks_stairs":2,"duneons:highlandfern":1,"duneons:creeperwoodstallgrass":1,"minecraft:grass":11,"mekanism:deepslate_tin_ore":4,"minecraft:oak_log":10,"minecraft:coal_ore":48,"mekanism:lead_ore":4,"quark:spruce_chest":1,"minecraft:gravel":7,"mekanism:deepslate_fluorite_ore":5,"minecraft:sand":28,"minecraft:dirt":159,"minecraft:smooth_basalt":1,"duneons:teapot":1,"duneons:dungeonscharreddirt":10,"minecraft:oak_leaves":15,"minecraft:deepslate":278,"soulsweapons:verglas_ore":1}},"DataVersion":3465}